----------------------------------------------------------
-- CubeTool Model Import DML
--
-- Model: Systems\CubeRootPg\CubeModel.cgm
----------------------------------------------------------
--
-- Delete All
--
DELETE FROM itp.v_information_type;
DELETE FROM itp.v_information_type_element;
DELETE FROM itp.v_permitted_value;
DELETE FROM bot.v_business_object_type;
DELETE FROM bot.v_type;
DELETE FROM bot.v_type_specialisation_group;
DELETE FROM bot.v_type_specialisation;
DELETE FROM bot.v_attribute;
DELETE FROM bot.v_derivation;
DELETE FROM bot.v_description_attribute;
DELETE FROM bot.v_restriction_type_spec_atb;
DELETE FROM bot.v_reference;
DELETE FROM bot.v_description_reference;
DELETE FROM bot.v_restriction_type_spec_ref;
DELETE FROM bot.v_restriction_target_type_spec;
DELETE FROM bot.v_service;
DELETE FROM bot.v_service_step;
DELETE FROM bot.v_service_argument;
DELETE FROM bot.v_restriction_type_spec_typ;
DELETE FROM bot.v_json_path;
DELETE FROM bot.v_description_type;
DELETE FROM sys.v_system;
DELETE FROM sys.v_system_bo_type;
--
-- Insert INFORMATION_TYPE business object types
--
INSERT INTO itp.v_information_type (NAME)
	VALUES ('AGGREGATION');

INSERT INTO itp.v_information_type_element (FK_ITP_NAME, SEQUENCE, SUFFIX, DOMAIN, LENGTH, DECIMALS, CASE_SENSITIVE, DEFAULT_VALUE, SPACES_ALLOWED, PRESENTATION)
	VALUES ('AGGREGATION', 1, '#', 'TEXT', 3, 0, 'N', 'SUM', 'N', 'N');

INSERT INTO itp.v_permitted_value (CUBE_SEQUENCE, FK_ITP_NAME, FK_ITE_SEQUENCE, CODE, PROMPT)
	VALUES (1, 'AGGREGATION', 1, 'SUM', 'Sum');

INSERT INTO itp.v_permitted_value (CUBE_SEQUENCE, FK_ITP_NAME, FK_ITE_SEQUENCE, CODE, PROMPT)
	VALUES (2, 'AGGREGATION', 1, 'AVG', 'Average');

INSERT INTO itp.v_permitted_value (CUBE_SEQUENCE, FK_ITP_NAME, FK_ITE_SEQUENCE, CODE, PROMPT)
	VALUES (3, 'AGGREGATION', 1, 'MIN', 'Minimum');

INSERT INTO itp.v_permitted_value (CUBE_SEQUENCE, FK_ITP_NAME, FK_ITE_SEQUENCE, CODE, PROMPT)
	VALUES (4, 'AGGREGATION', 1, 'MAX', 'Maximum');

INSERT INTO itp.v_information_type (NAME)
	VALUES ('CARDINALITY');

INSERT INTO itp.v_information_type_element (FK_ITP_NAME, SEQUENCE, SUFFIX, DOMAIN, LENGTH, DECIMALS, CASE_SENSITIVE, DEFAULT_VALUE, SPACES_ALLOWED, PRESENTATION)
	VALUES ('CARDINALITY', 1, '#', 'TEXT', 1, 0, 'N', 'N', 'Y', 'LIN');

INSERT INTO itp.v_permitted_value (CUBE_SEQUENCE, FK_ITP_NAME, FK_ITE_SEQUENCE, CODE, PROMPT)
	VALUES (1, 'CARDINALITY', 1, '1', '1');

INSERT INTO itp.v_permitted_value (CUBE_SEQUENCE, FK_ITP_NAME, FK_ITE_SEQUENCE, CODE, PROMPT)
	VALUES (2, 'CARDINALITY', 1, '2', '2');

INSERT INTO itp.v_permitted_value (CUBE_SEQUENCE, FK_ITP_NAME, FK_ITE_SEQUENCE, CODE, PROMPT)
	VALUES (3, 'CARDINALITY', 1, '3', '3');

INSERT INTO itp.v_permitted_value (CUBE_SEQUENCE, FK_ITP_NAME, FK_ITE_SEQUENCE, CODE, PROMPT)
	VALUES (4, 'CARDINALITY', 1, '4', '4');

INSERT INTO itp.v_permitted_value (CUBE_SEQUENCE, FK_ITP_NAME, FK_ITE_SEQUENCE, CODE, PROMPT)
	VALUES (5, 'CARDINALITY', 1, '5', '5');

INSERT INTO itp.v_permitted_value (CUBE_SEQUENCE, FK_ITP_NAME, FK_ITE_SEQUENCE, CODE, PROMPT)
	VALUES (6, 'CARDINALITY', 1, 'N', 'Many');

INSERT INTO itp.v_information_type (NAME)
	VALUES ('CODE');

INSERT INTO itp.v_information_type_element (FK_ITP_NAME, SEQUENCE, SUFFIX, DOMAIN, LENGTH, DECIMALS, CASE_SENSITIVE, DEFAULT_VALUE, SPACES_ALLOWED, PRESENTATION)
	VALUES ('CODE', 1, '#', 'TEXT', 16, 0, 'N', '', 'N', 'LIN');

INSERT INTO itp.v_information_type (NAME)
	VALUES ('CODE3');

INSERT INTO itp.v_information_type_element (FK_ITP_NAME, SEQUENCE, SUFFIX, DOMAIN, LENGTH, DECIMALS, CASE_SENSITIVE, DEFAULT_VALUE, SPACES_ALLOWED, PRESENTATION)
	VALUES ('CODE3', 1, '#', 'TEXT', 3, 0, 'N', '', 'N', 'LIN');

INSERT INTO itp.v_information_type (NAME)
	VALUES ('CODE_DISPLAY_KEY');

INSERT INTO itp.v_information_type_element (FK_ITP_NAME, SEQUENCE, SUFFIX, DOMAIN, LENGTH, DECIMALS, CASE_SENSITIVE, DEFAULT_VALUE, SPACES_ALLOWED, PRESENTATION)
	VALUES ('CODE_DISPLAY_KEY', 1, '#', 'TEXT', 1, 0, 'N', 'N', 'N', 'LIN');

INSERT INTO itp.v_permitted_value (CUBE_SEQUENCE, FK_ITP_NAME, FK_ITE_SEQUENCE, CODE, PROMPT)
	VALUES (1, 'CODE_DISPLAY_KEY', 1, 'Y', 'Yes');

INSERT INTO itp.v_permitted_value (CUBE_SEQUENCE, FK_ITP_NAME, FK_ITE_SEQUENCE, CODE, PROMPT)
	VALUES (2, 'CODE_DISPLAY_KEY', 1, 'S', 'Sub');

INSERT INTO itp.v_permitted_value (CUBE_SEQUENCE, FK_ITP_NAME, FK_ITE_SEQUENCE, CODE, PROMPT)
	VALUES (3, 'CODE_DISPLAY_KEY', 1, 'N', 'No');

INSERT INTO itp.v_information_type (NAME)
	VALUES ('CODING');

INSERT INTO itp.v_information_type_element (FK_ITP_NAME, SEQUENCE, SUFFIX, DOMAIN, LENGTH, DECIMALS, CASE_SENSITIVE, DEFAULT_VALUE, SPACES_ALLOWED, PRESENTATION)
	VALUES ('CODING', 1, '#', 'TEXT', 3999, 0, 'Y', '', 'Y', 'COD');

INSERT INTO itp.v_information_type (NAME)
	VALUES ('DEFAULT_VALUE');

INSERT INTO itp.v_information_type_element (FK_ITP_NAME, SEQUENCE, SUFFIX, DOMAIN, LENGTH, DECIMALS, CASE_SENSITIVE, DEFAULT_VALUE, SPACES_ALLOWED, PRESENTATION)
	VALUES ('DEFAULT_VALUE', 1, '#', 'TEXT', 40, 0, 'Y', '', 'Y', 'LIN');

INSERT INTO itp.v_information_type (NAME)
	VALUES ('DESCRIPTION');

INSERT INTO itp.v_information_type_element (FK_ITP_NAME, SEQUENCE, SUFFIX, DOMAIN, LENGTH, DECIMALS, CASE_SENSITIVE, DEFAULT_VALUE, SPACES_ALLOWED, PRESENTATION)
	VALUES ('DESCRIPTION', 1, '#', 'TEXT', 3999, 0, 'Y', '', 'Y', 'DES');

INSERT INTO itp.v_information_type (NAME)
	VALUES ('DOMAIN');

INSERT INTO itp.v_information_type_element (FK_ITP_NAME, SEQUENCE, SUFFIX, DOMAIN, LENGTH, DECIMALS, CASE_SENSITIVE, DEFAULT_VALUE, SPACES_ALLOWED, PRESENTATION)
	VALUES ('DOMAIN', 1, '#', 'TEXT', 16, 0, 'Y', 'TEXT', 'N', 'LIN');

INSERT INTO itp.v_permitted_value (CUBE_SEQUENCE, FK_ITP_NAME, FK_ITE_SEQUENCE, CODE, PROMPT)
	VALUES (1, 'DOMAIN', 1, 'TEXT', 'Text');

INSERT INTO itp.v_permitted_value (CUBE_SEQUENCE, FK_ITP_NAME, FK_ITE_SEQUENCE, CODE, PROMPT)
	VALUES (2, 'DOMAIN', 1, 'NUMBER', 'Number');

INSERT INTO itp.v_permitted_value (CUBE_SEQUENCE, FK_ITP_NAME, FK_ITE_SEQUENCE, CODE, PROMPT)
	VALUES (3, 'DOMAIN', 1, 'DATE', 'Date');

INSERT INTO itp.v_permitted_value (CUBE_SEQUENCE, FK_ITP_NAME, FK_ITE_SEQUENCE, CODE, PROMPT)
	VALUES (4, 'DOMAIN', 1, 'TIME', 'Time');

INSERT INTO itp.v_permitted_value (CUBE_SEQUENCE, FK_ITP_NAME, FK_ITE_SEQUENCE, CODE, PROMPT)
	VALUES (5, 'DOMAIN', 1, 'DATETIME-LOCAL', 'Timestamp');

INSERT INTO itp.v_information_type (NAME)
	VALUES ('FLAG');

INSERT INTO itp.v_information_type_element (FK_ITP_NAME, SEQUENCE, SUFFIX, DOMAIN, LENGTH, DECIMALS, CASE_SENSITIVE, DEFAULT_VALUE, SPACES_ALLOWED, PRESENTATION)
	VALUES ('FLAG', 1, '#', 'TEXT', 1, 0, 'Y', 'N', 'Y', 'LIN');

INSERT INTO itp.v_permitted_value (CUBE_SEQUENCE, FK_ITP_NAME, FK_ITE_SEQUENCE, CODE, PROMPT)
	VALUES (1, 'FLAG', 1, 'Y', 'Yes');

INSERT INTO itp.v_permitted_value (CUBE_SEQUENCE, FK_ITP_NAME, FK_ITE_SEQUENCE, CODE, PROMPT)
	VALUES (2, 'FLAG', 1, 'N', 'No');

INSERT INTO itp.v_information_type (NAME)
	VALUES ('FOREIGN_KEY_TYPE');

INSERT INTO itp.v_information_type_element (FK_ITP_NAME, SEQUENCE, SUFFIX, DOMAIN, LENGTH, DECIMALS, CASE_SENSITIVE, DEFAULT_VALUE, SPACES_ALLOWED, PRESENTATION)
	VALUES ('FOREIGN_KEY_TYPE', 1, '#', 'TEXT', 1, 0, 'Y', 'N', 'Y', 'LIN');

INSERT INTO itp.v_permitted_value (CUBE_SEQUENCE, FK_ITP_NAME, FK_ITE_SEQUENCE, CODE, PROMPT)
	VALUES (1, 'FOREIGN_KEY_TYPE', 1, 'N', 'None');

INSERT INTO itp.v_information_type (NAME)
	VALUES ('HEADER');

INSERT INTO itp.v_information_type_element (FK_ITP_NAME, SEQUENCE, SUFFIX, DOMAIN, LENGTH, DECIMALS, CASE_SENSITIVE, DEFAULT_VALUE, SPACES_ALLOWED, PRESENTATION)
	VALUES ('HEADER', 1, '#', 'TEXT', 40, 0, 'Y', '', 'Y', 'LIN');

INSERT INTO itp.v_information_type (NAME)
	VALUES ('ICON');

INSERT INTO itp.v_information_type_element (FK_ITP_NAME, SEQUENCE, SUFFIX, DOMAIN, LENGTH, DECIMALS, CASE_SENSITIVE, DEFAULT_VALUE, SPACES_ALLOWED, PRESENTATION)
	VALUES ('ICON', 1, '#', 'TEXT', 8, 0, 'N', '', 'N', 'LIN');

INSERT INTO itp.v_information_type (NAME)
	VALUES ('INCLUDE_OR_EXCLUDE');

INSERT INTO itp.v_information_type_element (FK_ITP_NAME, SEQUENCE, SUFFIX, DOMAIN, LENGTH, DECIMALS, CASE_SENSITIVE, DEFAULT_VALUE, SPACES_ALLOWED, PRESENTATION)
	VALUES ('INCLUDE_OR_EXCLUDE', 0, '#', 'TEXT', 2, 0, 'N', 'IN', 'N', 'LIN');

INSERT INTO itp.v_permitted_value (CUBE_SEQUENCE, FK_ITP_NAME, FK_ITE_SEQUENCE, CODE, PROMPT)
	VALUES (1, 'INCLUDE_OR_EXCLUDE', 0, 'IN', 'Include');

INSERT INTO itp.v_permitted_value (CUBE_SEQUENCE, FK_ITP_NAME, FK_ITE_SEQUENCE, CODE, PROMPT)
	VALUES (2, 'INCLUDE_OR_EXCLUDE', 0, 'EX', 'Exclude');

INSERT INTO itp.v_information_type (NAME)
	VALUES ('INPUT_OR_OUTPUT');

INSERT INTO itp.v_information_type_element (FK_ITP_NAME, SEQUENCE, SUFFIX, DOMAIN, LENGTH, DECIMALS, CASE_SENSITIVE, DEFAULT_VALUE, SPACES_ALLOWED, PRESENTATION)
	VALUES ('INPUT_OR_OUTPUT', 0, '#', 'TEXT', 1, 0, 'N', 'I', 'N', 'LIN');

INSERT INTO itp.v_permitted_value (CUBE_SEQUENCE, FK_ITP_NAME, FK_ITE_SEQUENCE, CODE, PROMPT)
	VALUES (1, 'INPUT_OR_OUTPUT', 0, 'I', 'Input');

INSERT INTO itp.v_permitted_value (CUBE_SEQUENCE, FK_ITP_NAME, FK_ITE_SEQUENCE, CODE, PROMPT)
	VALUES (2, 'INPUT_OR_OUTPUT', 0, 'O', 'Output');

INSERT INTO itp.v_information_type (NAME)
	VALUES ('INTEGER');

INSERT INTO itp.v_information_type_element (FK_ITP_NAME, SEQUENCE, SUFFIX, DOMAIN, LENGTH, DECIMALS, CASE_SENSITIVE, DEFAULT_VALUE, SPACES_ALLOWED, PRESENTATION)
	VALUES ('INTEGER', 1, '#', 'NUMBER', 8, 0, '', '0', '', 'LIN');

INSERT INTO itp.v_information_type (NAME)
	VALUES ('LONG_NAME');

INSERT INTO itp.v_information_type_element (FK_ITP_NAME, SEQUENCE, SUFFIX, DOMAIN, LENGTH, DECIMALS, CASE_SENSITIVE, DEFAULT_VALUE, SPACES_ALLOWED, PRESENTATION)
	VALUES ('LONG_NAME', 1, '#', 'TEXT', 80, 0, 'Y', '', 'N', 'LIN');

INSERT INTO itp.v_information_type (NAME)
	VALUES ('NAME');

INSERT INTO itp.v_information_type_element (FK_ITP_NAME, SEQUENCE, SUFFIX, DOMAIN, LENGTH, DECIMALS, CASE_SENSITIVE, DEFAULT_VALUE, SPACES_ALLOWED, PRESENTATION)
	VALUES ('NAME', 1, '#', 'TEXT', 30, 0, 'Y', '', 'N', 'LIN');

INSERT INTO itp.v_information_type (NAME)
	VALUES ('NUM1');

INSERT INTO itp.v_information_type_element (FK_ITP_NAME, SEQUENCE, SUFFIX, DOMAIN, LENGTH, DECIMALS, CASE_SENSITIVE, DEFAULT_VALUE, SPACES_ALLOWED, PRESENTATION)
	VALUES ('NUM1', 1, '#', 'NUMBER', 1, 0, '', '0', '', 'LIN');

INSERT INTO itp.v_information_type (NAME)
	VALUES ('OBJECT_LIST');

INSERT INTO itp.v_information_type_element (FK_ITP_NAME, SEQUENCE, SUFFIX, DOMAIN, LENGTH, DECIMALS, CASE_SENSITIVE, DEFAULT_VALUE, SPACES_ALLOWED, PRESENTATION)
	VALUES ('OBJECT_LIST', 1, '#', 'TEXT', 120, 0, 'N', '', 'Y', 'LIN');

INSERT INTO itp.v_information_type (NAME)
	VALUES ('OBJECT_NAME');

INSERT INTO itp.v_information_type_element (FK_ITP_NAME, SEQUENCE, SUFFIX, DOMAIN, LENGTH, DECIMALS, CASE_SENSITIVE, DEFAULT_VALUE, SPACES_ALLOWED, PRESENTATION)
	VALUES ('OBJECT_NAME', 1, '#', 'TEXT', 30, 0, 'N', '', 'N', 'LIN');

INSERT INTO itp.v_information_type (NAME)
	VALUES ('PASSWORD');

INSERT INTO itp.v_information_type_element (FK_ITP_NAME, SEQUENCE, SUFFIX, DOMAIN, LENGTH, DECIMALS, CASE_SENSITIVE, DEFAULT_VALUE, SPACES_ALLOWED, PRESENTATION)
	VALUES ('PASSWORD', 1, '#', 'TEXT', 20, 0, 'Y', '', 'N', 'LIN');

INSERT INTO itp.v_information_type (NAME)
	VALUES ('PERSON_NAME_FULL');

INSERT INTO itp.v_information_type_element (FK_ITP_NAME, SEQUENCE, SUFFIX, DOMAIN, LENGTH, DECIMALS, CASE_SENSITIVE, DEFAULT_VALUE, SPACES_ALLOWED, PRESENTATION)
	VALUES ('PERSON_NAME_FULL', 0, '#', 'TEXT', 120, 0, 'Y', '', 'Y', 'LIN');

INSERT INTO itp.v_information_type (NAME)
	VALUES ('PREFIX');

INSERT INTO itp.v_information_type_element (FK_ITP_NAME, SEQUENCE, SUFFIX, DOMAIN, LENGTH, DECIMALS, CASE_SENSITIVE, DEFAULT_VALUE, SPACES_ALLOWED, PRESENTATION)
	VALUES ('PREFIX', 0, '#', 'TEXT', 4, 0, 'N', '', 'N', 'LIN');

INSERT INTO itp.v_information_type (NAME)
	VALUES ('PRESENTATION');

INSERT INTO itp.v_information_type_element (FK_ITP_NAME, SEQUENCE, SUFFIX, DOMAIN, LENGTH, DECIMALS, CASE_SENSITIVE, DEFAULT_VALUE, SPACES_ALLOWED, PRESENTATION)
	VALUES ('PRESENTATION', 1, '#', 'TEXT', 3, 0, 'N', 'LIN', 'N', 'LIN');

INSERT INTO itp.v_permitted_value (CUBE_SEQUENCE, FK_ITP_NAME, FK_ITE_SEQUENCE, CODE, PROMPT)
	VALUES (1, 'PRESENTATION', 1, 'LIN', 'Line');

INSERT INTO itp.v_permitted_value (CUBE_SEQUENCE, FK_ITP_NAME, FK_ITE_SEQUENCE, CODE, PROMPT)
	VALUES (2, 'PRESENTATION', 1, 'DES', 'Description');

INSERT INTO itp.v_permitted_value (CUBE_SEQUENCE, FK_ITP_NAME, FK_ITE_SEQUENCE, CODE, PROMPT)
	VALUES (3, 'PRESENTATION', 1, 'COD', 'Code');

INSERT INTO itp.v_information_type (NAME)
	VALUES ('SCOPE_EXTENSION');

INSERT INTO itp.v_information_type_element (FK_ITP_NAME, SEQUENCE, SUFFIX, DOMAIN, LENGTH, DECIMALS, CASE_SENSITIVE, DEFAULT_VALUE, SPACES_ALLOWED, PRESENTATION)
	VALUES ('SCOPE_EXTENSION', 0, '#', 'TEXT', 3, 0, 'N', '', 'N', 'LIN');

INSERT INTO itp.v_permitted_value (CUBE_SEQUENCE, FK_ITP_NAME, FK_ITE_SEQUENCE, CODE, PROMPT)
	VALUES (1, 'SCOPE_EXTENSION', 0, 'PAR', 'Recursive parent');

INSERT INTO itp.v_permitted_value (CUBE_SEQUENCE, FK_ITP_NAME, FK_ITE_SEQUENCE, CODE, PROMPT)
	VALUES (2, 'SCOPE_EXTENSION', 0, 'REF', 'Referenced type');

INSERT INTO itp.v_information_type (NAME)
	VALUES ('SCOPE_TYPE');

INSERT INTO itp.v_information_type_element (FK_ITP_NAME, SEQUENCE, SUFFIX, DOMAIN, LENGTH, DECIMALS, CASE_SENSITIVE, DEFAULT_VALUE, SPACES_ALLOWED, PRESENTATION)
	VALUES ('SCOPE_TYPE', 0, '#', 'TEXT', 3, 0, 'N', 'ALL', 'N', 'LIN');

INSERT INTO itp.v_permitted_value (CUBE_SEQUENCE, FK_ITP_NAME, FK_ITE_SEQUENCE, CODE, PROMPT)
	VALUES (1, 'SCOPE_TYPE', 0, 'ALL', 'All');

INSERT INTO itp.v_permitted_value (CUBE_SEQUENCE, FK_ITP_NAME, FK_ITE_SEQUENCE, CODE, PROMPT)
	VALUES (2, 'SCOPE_TYPE', 0, 'PRA', 'Parents all');

INSERT INTO itp.v_permitted_value (CUBE_SEQUENCE, FK_ITP_NAME, FK_ITE_SEQUENCE, CODE, PROMPT)
	VALUES (3, 'SCOPE_TYPE', 0, 'PR1', 'Parents first level');

INSERT INTO itp.v_permitted_value (CUBE_SEQUENCE, FK_ITP_NAME, FK_ITE_SEQUENCE, CODE, PROMPT)
	VALUES (4, 'SCOPE_TYPE', 0, 'CHA', 'Children all');

INSERT INTO itp.v_permitted_value (CUBE_SEQUENCE, FK_ITP_NAME, FK_ITE_SEQUENCE, CODE, PROMPT)
	VALUES (5, 'SCOPE_TYPE', 0, 'CH1', 'Children first level');

INSERT INTO itp.v_information_type (NAME)
	VALUES ('SCRIPT_NAME');

INSERT INTO itp.v_information_type_element (FK_ITP_NAME, SEQUENCE, SUFFIX, DOMAIN, LENGTH, DECIMALS, CASE_SENSITIVE, DEFAULT_VALUE, SPACES_ALLOWED, PRESENTATION)
	VALUES ('SCRIPT_NAME', 0, '#', 'TEXT', 60, 0, 'Y', '', 'N', 'LIN');

INSERT INTO itp.v_information_type (NAME)
	VALUES ('SERVICE_ACCESSIBILITY');

INSERT INTO itp.v_information_type_element (FK_ITP_NAME, SEQUENCE, SUFFIX, DOMAIN, LENGTH, DECIMALS, CASE_SENSITIVE, DEFAULT_VALUE, SPACES_ALLOWED, PRESENTATION)
	VALUES ('SERVICE_ACCESSIBILITY', 0, '#', 'TEXT', 1, 0, 'N', '', 'N', 'LIN');

INSERT INTO itp.v_permitted_value (CUBE_SEQUENCE, FK_ITP_NAME, FK_ITE_SEQUENCE, CODE, PROMPT)
	VALUES (1, 'SERVICE_ACCESSIBILITY', 0, 'I', 'Internal');

INSERT INTO itp.v_permitted_value (CUBE_SEQUENCE, FK_ITP_NAME, FK_ITE_SEQUENCE, CODE, PROMPT)
	VALUES (2, 'SERVICE_ACCESSIBILITY', 0, 'E', 'External');

INSERT INTO itp.v_permitted_value (CUBE_SEQUENCE, FK_ITP_NAME, FK_ITE_SEQUENCE, CODE, PROMPT)
	VALUES (3, 'SERVICE_ACCESSIBILITY', 0, 'U', 'User');

INSERT INTO itp.v_information_type (NAME)
	VALUES ('SERVICE_CLASS');

INSERT INTO itp.v_information_type_element (FK_ITP_NAME, SEQUENCE, SUFFIX, DOMAIN, LENGTH, DECIMALS, CASE_SENSITIVE, DEFAULT_VALUE, SPACES_ALLOWED, PRESENTATION)
	VALUES ('SERVICE_CLASS', 0, '#', 'TEXT', 3, 0, 'N', '', 'N', 'LIN');

INSERT INTO itp.v_permitted_value (CUBE_SEQUENCE, FK_ITP_NAME, FK_ITE_SEQUENCE, CODE, PROMPT)
	VALUES (1, 'SERVICE_CLASS', 0, 'LST', 'List');

INSERT INTO itp.v_permitted_value (CUBE_SEQUENCE, FK_ITP_NAME, FK_ITE_SEQUENCE, CODE, PROMPT)
	VALUES (2, 'SERVICE_CLASS', 0, 'CNT', 'Count');

INSERT INTO itp.v_permitted_value (CUBE_SEQUENCE, FK_ITP_NAME, FK_ITE_SEQUENCE, CODE, PROMPT)
	VALUES (3, 'SERVICE_CLASS', 0, 'SEL', 'Select');

INSERT INTO itp.v_permitted_value (CUBE_SEQUENCE, FK_ITP_NAME, FK_ITE_SEQUENCE, CODE, PROMPT)
	VALUES (4, 'SERVICE_CLASS', 0, 'CNP', 'Check no part');

INSERT INTO itp.v_permitted_value (CUBE_SEQUENCE, FK_ITP_NAME, FK_ITE_SEQUENCE, CODE, PROMPT)
	VALUES (5, 'SERVICE_CLASS', 0, 'DPO', 'Determine position');

INSERT INTO itp.v_permitted_value (CUBE_SEQUENCE, FK_ITP_NAME, FK_ITE_SEQUENCE, CODE, PROMPT)
	VALUES (6, 'SERVICE_CLASS', 0, 'MOV', 'Move');

INSERT INTO itp.v_permitted_value (CUBE_SEQUENCE, FK_ITP_NAME, FK_ITE_SEQUENCE, CODE, PROMPT)
	VALUES (7, 'SERVICE_CLASS', 0, 'GTN', 'Get next');

INSERT INTO itp.v_permitted_value (CUBE_SEQUENCE, FK_ITP_NAME, FK_ITE_SEQUENCE, CODE, PROMPT)
	VALUES (8, 'SERVICE_CLASS', 0, 'CPA', 'Change parent');

INSERT INTO itp.v_permitted_value (CUBE_SEQUENCE, FK_ITP_NAME, FK_ITE_SEQUENCE, CODE, PROMPT)
	VALUES (9, 'SERVICE_CLASS', 0, 'CRE', 'Create');

INSERT INTO itp.v_permitted_value (CUBE_SEQUENCE, FK_ITP_NAME, FK_ITE_SEQUENCE, CODE, PROMPT)
	VALUES (10, 'SERVICE_CLASS', 0, 'UPD', 'Update');

INSERT INTO itp.v_permitted_value (CUBE_SEQUENCE, FK_ITP_NAME, FK_ITE_SEQUENCE, CODE, PROMPT)
	VALUES (11, 'SERVICE_CLASS', 0, 'DEL', 'Delete');

INSERT INTO itp.v_permitted_value (CUBE_SEQUENCE, FK_ITP_NAME, FK_ITE_SEQUENCE, CODE, PROMPT)
	VALUES (12, 'SERVICE_CLASS', 0, 'CHC', 'Check Content');

INSERT INTO itp.v_information_type (NAME)
	VALUES ('SORT_TYPE');

INSERT INTO itp.v_information_type_element (FK_ITP_NAME, SEQUENCE, SUFFIX, DOMAIN, LENGTH, DECIMALS, CASE_SENSITIVE, DEFAULT_VALUE, SPACES_ALLOWED, PRESENTATION)
	VALUES ('SORT_TYPE', 1, '#', 'TEXT', 1, 0, 'Y', 'N', 'Y', 'LIN');

INSERT INTO itp.v_permitted_value (CUBE_SEQUENCE, FK_ITP_NAME, FK_ITE_SEQUENCE, CODE, PROMPT)
	VALUES (1, 'SORT_TYPE', 1, 'N', 'No sort');

INSERT INTO itp.v_permitted_value (CUBE_SEQUENCE, FK_ITP_NAME, FK_ITE_SEQUENCE, CODE, PROMPT)
	VALUES (2, 'SORT_TYPE', 1, 'K', 'Key');

INSERT INTO itp.v_permitted_value (CUBE_SEQUENCE, FK_ITP_NAME, FK_ITE_SEQUENCE, CODE, PROMPT)
	VALUES (3, 'SORT_TYPE', 1, 'P', 'Position');

INSERT INTO itp.v_information_type (NAME)
	VALUES ('SUFFIX');

INSERT INTO itp.v_information_type_element (FK_ITP_NAME, SEQUENCE, SUFFIX, DOMAIN, LENGTH, DECIMALS, CASE_SENSITIVE, DEFAULT_VALUE, SPACES_ALLOWED, PRESENTATION)
	VALUES ('SUFFIX', 1, '#', 'TEXT', 12, 0, 'Y', '#', 'N', 'LIN');

INSERT INTO itp.v_information_type (NAME)
	VALUES ('TEXT32');

INSERT INTO itp.v_information_type_element (FK_ITP_NAME, SEQUENCE, SUFFIX, DOMAIN, LENGTH, DECIMALS, CASE_SENSITIVE, DEFAULT_VALUE, SPACES_ALLOWED, PRESENTATION)
	VALUES ('TEXT32', 1, '#', 'TEXT', 32, 0, 'Y', '', 'Y', 'LIN');

INSERT INTO itp.v_information_type (NAME)
	VALUES ('URL');

INSERT INTO itp.v_information_type_element (FK_ITP_NAME, SEQUENCE, SUFFIX, DOMAIN, LENGTH, DECIMALS, CASE_SENSITIVE, DEFAULT_VALUE, SPACES_ALLOWED, PRESENTATION)
	VALUES ('URL', 1, '#', 'TEXT', 300, 0, 'Y', '', 'N', 'LIN');

INSERT INTO itp.v_information_type (NAME)
	VALUES ('USERID');

INSERT INTO itp.v_information_type_element (FK_ITP_NAME, SEQUENCE, SUFFIX, DOMAIN, LENGTH, DECIMALS, CASE_SENSITIVE, DEFAULT_VALUE, SPACES_ALLOWED, PRESENTATION)
	VALUES ('USERID', 0, '#', 'TEXT', 8, 0, 'N', '', 'N', 'LIN');

--
-- Insert BUSINESS_OBJECT_TYPE business object types
--
INSERT INTO bot.v_business_object_type (CUBE_SEQUENCE, NAME, CUBE_TSG_TYPE, DIRECTORY, API_URL)
	VALUES (1, 'INFORMATION_TYPE', 'INT', 'Information_Types', 'ITP');

INSERT INTO bot.v_type (CUBE_SEQUENCE, FK_BOT_NAME, FK_TYP_NAME, NAME, CODE, FLAG_PARTIAL_KEY, FLAG_RECURSIVE, RECURSIVE_CARDINALITY, CARDINALITY, SORT_ORDER, ICON, TRANSFERABLE)
	VALUES (1, 'INFORMATION_TYPE', NULL, 'INFORMATION_TYPE', 'ITP', 'N', 'N', '', 'N', 'K', 'INFTYPE', 'Y');

INSERT INTO bot.v_attribute (CUBE_SEQUENCE, FK_BOT_NAME, FK_TYP_NAME, NAME, PRIMARY_KEY, CODE_DISPLAY_KEY, CODE_FOREIGN_KEY, FLAG_HIDDEN, DEFAULT_VALUE, UNCHANGEABLE, XK_ITP_NAME)
	VALUES (1, 'INFORMATION_TYPE', 'INFORMATION_TYPE', 'NAME', 'Y', 'Y', 'N', 'N', '', 'N', 'OBJECT_NAME');

INSERT INTO bot.v_type (CUBE_SEQUENCE, FK_BOT_NAME, FK_TYP_NAME, NAME, CODE, FLAG_PARTIAL_KEY, FLAG_RECURSIVE, RECURSIVE_CARDINALITY, CARDINALITY, SORT_ORDER, ICON, TRANSFERABLE)
	VALUES (1, 'INFORMATION_TYPE', 'INFORMATION_TYPE', 'INFORMATION_TYPE_ELEMENT', 'ITE', 'Y', 'N', '', 'N', 'K', 'INFELEM', 'Y');

INSERT INTO bot.v_attribute (CUBE_SEQUENCE, FK_BOT_NAME, FK_TYP_NAME, NAME, PRIMARY_KEY, CODE_DISPLAY_KEY, CODE_FOREIGN_KEY, FLAG_HIDDEN, DEFAULT_VALUE, UNCHANGEABLE, XK_ITP_NAME)
	VALUES (1, 'INFORMATION_TYPE', 'INFORMATION_TYPE_ELEMENT', 'SEQUENCE', 'Y', 'N', 'N', 'N', '', 'N', 'INTEGER');

INSERT INTO bot.v_attribute (CUBE_SEQUENCE, FK_BOT_NAME, FK_TYP_NAME, NAME, PRIMARY_KEY, CODE_DISPLAY_KEY, CODE_FOREIGN_KEY, FLAG_HIDDEN, DEFAULT_VALUE, UNCHANGEABLE, XK_ITP_NAME)
	VALUES (2, 'INFORMATION_TYPE', 'INFORMATION_TYPE_ELEMENT', 'SUFFIX', 'N', 'Y', 'N', 'N', '', 'N', 'SUFFIX');

INSERT INTO bot.v_attribute (CUBE_SEQUENCE, FK_BOT_NAME, FK_TYP_NAME, NAME, PRIMARY_KEY, CODE_DISPLAY_KEY, CODE_FOREIGN_KEY, FLAG_HIDDEN, DEFAULT_VALUE, UNCHANGEABLE, XK_ITP_NAME)
	VALUES (3, 'INFORMATION_TYPE', 'INFORMATION_TYPE_ELEMENT', 'DOMAIN', 'N', 'S', 'N', 'N', '', 'N', 'DOMAIN');

INSERT INTO bot.v_attribute (CUBE_SEQUENCE, FK_BOT_NAME, FK_TYP_NAME, NAME, PRIMARY_KEY, CODE_DISPLAY_KEY, CODE_FOREIGN_KEY, FLAG_HIDDEN, DEFAULT_VALUE, UNCHANGEABLE, XK_ITP_NAME)
	VALUES (4, 'INFORMATION_TYPE', 'INFORMATION_TYPE_ELEMENT', 'LENGTH', 'N', 'N', 'N', 'N', '', 'N', 'INTEGER');

INSERT INTO bot.v_attribute (CUBE_SEQUENCE, FK_BOT_NAME, FK_TYP_NAME, NAME, PRIMARY_KEY, CODE_DISPLAY_KEY, CODE_FOREIGN_KEY, FLAG_HIDDEN, DEFAULT_VALUE, UNCHANGEABLE, XK_ITP_NAME)
	VALUES (5, 'INFORMATION_TYPE', 'INFORMATION_TYPE_ELEMENT', 'DECIMALS', 'N', 'N', 'N', 'N', '', 'N', 'INTEGER');

INSERT INTO bot.v_attribute (CUBE_SEQUENCE, FK_BOT_NAME, FK_TYP_NAME, NAME, PRIMARY_KEY, CODE_DISPLAY_KEY, CODE_FOREIGN_KEY, FLAG_HIDDEN, DEFAULT_VALUE, UNCHANGEABLE, XK_ITP_NAME)
	VALUES (6, 'INFORMATION_TYPE', 'INFORMATION_TYPE_ELEMENT', 'CASE_SENSITIVE', 'N', 'N', 'N', 'N', '', 'N', 'FLAG');

INSERT INTO bot.v_attribute (CUBE_SEQUENCE, FK_BOT_NAME, FK_TYP_NAME, NAME, PRIMARY_KEY, CODE_DISPLAY_KEY, CODE_FOREIGN_KEY, FLAG_HIDDEN, DEFAULT_VALUE, UNCHANGEABLE, XK_ITP_NAME)
	VALUES (7, 'INFORMATION_TYPE', 'INFORMATION_TYPE_ELEMENT', 'DEFAULT_VALUE', 'N', 'N', 'N', 'N', '', 'N', 'TEXT32');

INSERT INTO bot.v_attribute (CUBE_SEQUENCE, FK_BOT_NAME, FK_TYP_NAME, NAME, PRIMARY_KEY, CODE_DISPLAY_KEY, CODE_FOREIGN_KEY, FLAG_HIDDEN, DEFAULT_VALUE, UNCHANGEABLE, XK_ITP_NAME)
	VALUES (8, 'INFORMATION_TYPE', 'INFORMATION_TYPE_ELEMENT', 'SPACES_ALLOWED', 'N', 'N', 'N', 'N', '', 'N', 'FLAG');

INSERT INTO bot.v_attribute (CUBE_SEQUENCE, FK_BOT_NAME, FK_TYP_NAME, NAME, PRIMARY_KEY, CODE_DISPLAY_KEY, CODE_FOREIGN_KEY, FLAG_HIDDEN, DEFAULT_VALUE, UNCHANGEABLE, XK_ITP_NAME)
	VALUES (9, 'INFORMATION_TYPE', 'INFORMATION_TYPE_ELEMENT', 'PRESENTATION', 'N', 'N', 'N', 'N', '', 'N', 'PRESENTATION');

INSERT INTO bot.v_description_attribute (FK_BOT_NAME, FK_TYP_NAME, FK_ATB_NAME, TEXT)
	VALUES ('INFORMATION_TYPE', 'INFORMATION_TYPE_ELEMENT', 'PRESENTATION', 'Indication how the string is presented in the user dialog.');

INSERT INTO bot.v_type (CUBE_SEQUENCE, FK_BOT_NAME, FK_TYP_NAME, NAME, CODE, FLAG_PARTIAL_KEY, FLAG_RECURSIVE, RECURSIVE_CARDINALITY, CARDINALITY, SORT_ORDER, ICON, TRANSFERABLE)
	VALUES (1, 'INFORMATION_TYPE', 'INFORMATION_TYPE_ELEMENT', 'PERMITTED_VALUE', 'VAL', 'Y', 'N', '', 'N', 'P', 'VALUE', 'Y');

INSERT INTO bot.v_attribute (CUBE_SEQUENCE, FK_BOT_NAME, FK_TYP_NAME, NAME, PRIMARY_KEY, CODE_DISPLAY_KEY, CODE_FOREIGN_KEY, FLAG_HIDDEN, DEFAULT_VALUE, UNCHANGEABLE, XK_ITP_NAME)
	VALUES (1, 'INFORMATION_TYPE', 'PERMITTED_VALUE', 'CODE', 'Y', 'Y', 'N', 'N', '', 'N', 'CODE');

INSERT INTO bot.v_attribute (CUBE_SEQUENCE, FK_BOT_NAME, FK_TYP_NAME, NAME, PRIMARY_KEY, CODE_DISPLAY_KEY, CODE_FOREIGN_KEY, FLAG_HIDDEN, DEFAULT_VALUE, UNCHANGEABLE, XK_ITP_NAME)
	VALUES (2, 'INFORMATION_TYPE', 'PERMITTED_VALUE', 'PROMPT', 'N', 'Y', 'N', 'N', '', 'N', 'TEXT32');

INSERT INTO bot.v_business_object_type (CUBE_SEQUENCE, NAME, CUBE_TSG_TYPE, DIRECTORY, API_URL)
	VALUES (2, 'BUSINESS_OBJECT_TYPE', 'INT', 'Business_Object_Types', 'BOT');

INSERT INTO bot.v_type (CUBE_SEQUENCE, FK_BOT_NAME, FK_TYP_NAME, NAME, CODE, FLAG_PARTIAL_KEY, FLAG_RECURSIVE, RECURSIVE_CARDINALITY, CARDINALITY, SORT_ORDER, ICON, TRANSFERABLE)
	VALUES (1, 'BUSINESS_OBJECT_TYPE', NULL, 'BUSINESS_OBJECT_TYPE', 'BOT', 'N', '', 'N', 'N', 'P', 'BOTYPE', 'Y');

INSERT INTO bot.v_type_specialisation_group (CUBE_SEQUENCE, FK_BOT_NAME, FK_TYP_NAME, FK_TSG_CODE, CODE, NAME, PRIMARY_KEY, XF_ATB_TYP_NAME, XK_ATB_NAME)
	VALUES (1, 'BUSINESS_OBJECT_TYPE', 'BUSINESS_OBJECT_TYPE', NULL, 'TYPE', 'TYPE', 'N', 'BUSINESS_OBJECT_TYPE', 'NAME');

INSERT INTO bot.v_type_specialisation (CUBE_SEQUENCE, FK_BOT_NAME, FK_TYP_NAME, FK_TSG_CODE, CODE, NAME, XF_TSP_TYP_NAME, XF_TSP_TSG_CODE, XK_TSP_CODE)
	VALUES (1, 'BUSINESS_OBJECT_TYPE', 'BUSINESS_OBJECT_TYPE', 'TYPE', 'INT', 'INTERNAL', '', '', '');

INSERT INTO bot.v_type_specialisation (CUBE_SEQUENCE, FK_BOT_NAME, FK_TYP_NAME, FK_TSG_CODE, CODE, NAME, XF_TSP_TYP_NAME, XF_TSP_TSG_CODE, XK_TSP_CODE)
	VALUES (2, 'BUSINESS_OBJECT_TYPE', 'BUSINESS_OBJECT_TYPE', 'TYPE', 'EXT', 'EXTERNAL', '', '', '');

INSERT INTO bot.v_type_specialisation (CUBE_SEQUENCE, FK_BOT_NAME, FK_TYP_NAME, FK_TSG_CODE, CODE, NAME, XF_TSP_TYP_NAME, XF_TSP_TSG_CODE, XK_TSP_CODE)
	VALUES (3, 'BUSINESS_OBJECT_TYPE', 'BUSINESS_OBJECT_TYPE', 'TYPE', 'RET', 'REUSABLE_TYPE', '', '', '');

INSERT INTO bot.v_attribute (CUBE_SEQUENCE, FK_BOT_NAME, FK_TYP_NAME, NAME, PRIMARY_KEY, CODE_DISPLAY_KEY, CODE_FOREIGN_KEY, FLAG_HIDDEN, DEFAULT_VALUE, UNCHANGEABLE, XK_ITP_NAME)
	VALUES (1, 'BUSINESS_OBJECT_TYPE', 'BUSINESS_OBJECT_TYPE', 'NAME', 'Y', 'Y', 'N', 'N', '', 'N', 'OBJECT_NAME');

INSERT INTO bot.v_attribute (CUBE_SEQUENCE, FK_BOT_NAME, FK_TYP_NAME, NAME, PRIMARY_KEY, CODE_DISPLAY_KEY, CODE_FOREIGN_KEY, FLAG_HIDDEN, DEFAULT_VALUE, UNCHANGEABLE, XK_ITP_NAME)
	VALUES (2, 'BUSINESS_OBJECT_TYPE', 'BUSINESS_OBJECT_TYPE', 'DIRECTORY', 'N', 'N', 'N', 'N', '', 'N', 'LONG_NAME');

INSERT INTO bot.v_restriction_type_spec_atb (FK_BOT_NAME, FK_TYP_NAME, FK_ATB_NAME, INCLUDE_OR_EXCLUDE, XF_TSP_TYP_NAME, XF_TSP_TSG_CODE, XK_TSP_CODE)
	VALUES ('BUSINESS_OBJECT_TYPE', 'BUSINESS_OBJECT_TYPE', 'DIRECTORY', 'EX', 'BUSINESS_OBJECT_TYPE', 'TYPE', 'RET');

INSERT INTO bot.v_attribute (CUBE_SEQUENCE, FK_BOT_NAME, FK_TYP_NAME, NAME, PRIMARY_KEY, CODE_DISPLAY_KEY, CODE_FOREIGN_KEY, FLAG_HIDDEN, DEFAULT_VALUE, UNCHANGEABLE, XK_ITP_NAME)
	VALUES (3, 'BUSINESS_OBJECT_TYPE', 'BUSINESS_OBJECT_TYPE', 'API_URL', 'N', 'N', 'N', 'N', '', 'N', 'URL');

INSERT INTO bot.v_description_attribute (FK_BOT_NAME, FK_TYP_NAME, FK_ATB_NAME, TEXT)
	VALUES ('BUSINESS_OBJECT_TYPE', 'BUSINESS_OBJECT_TYPE', 'API_URL', 'The basic URL for calling the API.');

INSERT INTO bot.v_restriction_type_spec_atb (FK_BOT_NAME, FK_TYP_NAME, FK_ATB_NAME, INCLUDE_OR_EXCLUDE, XF_TSP_TYP_NAME, XF_TSP_TSG_CODE, XK_TSP_CODE)
	VALUES ('BUSINESS_OBJECT_TYPE', 'BUSINESS_OBJECT_TYPE', 'API_URL', 'IN', 'BUSINESS_OBJECT_TYPE', 'TYPE', 'EXT');

INSERT INTO bot.v_description_type (FK_BOT_NAME, FK_TYP_NAME, TEXT)
	VALUES ('BUSINESS_OBJECT_TYPE', 'BUSINESS_OBJECT_TYPE', 'An object type related to the business supported by the system.');

INSERT INTO bot.v_type (CUBE_SEQUENCE, FK_BOT_NAME, FK_TYP_NAME, NAME, CODE, FLAG_PARTIAL_KEY, FLAG_RECURSIVE, RECURSIVE_CARDINALITY, CARDINALITY, SORT_ORDER, ICON, TRANSFERABLE)
	VALUES (1, 'BUSINESS_OBJECT_TYPE', 'BUSINESS_OBJECT_TYPE', 'TYPE', 'TYP', 'N', 'Y', 'N', '1', 'P', 'TYPE', 'Y');

INSERT INTO bot.v_attribute (CUBE_SEQUENCE, FK_BOT_NAME, FK_TYP_NAME, NAME, PRIMARY_KEY, CODE_DISPLAY_KEY, CODE_FOREIGN_KEY, FLAG_HIDDEN, DEFAULT_VALUE, UNCHANGEABLE, XK_ITP_NAME)
	VALUES (1, 'BUSINESS_OBJECT_TYPE', 'TYPE', 'NAME', 'Y', 'Y', 'N', 'N', '', 'N', 'OBJECT_NAME');

INSERT INTO bot.v_attribute (CUBE_SEQUENCE, FK_BOT_NAME, FK_TYP_NAME, NAME, PRIMARY_KEY, CODE_DISPLAY_KEY, CODE_FOREIGN_KEY, FLAG_HIDDEN, DEFAULT_VALUE, UNCHANGEABLE, XK_ITP_NAME)
	VALUES (2, 'BUSINESS_OBJECT_TYPE', 'TYPE', 'CODE', 'N', 'S', 'N', 'N', '', 'N', 'CODE3');

INSERT INTO bot.v_attribute (CUBE_SEQUENCE, FK_BOT_NAME, FK_TYP_NAME, NAME, PRIMARY_KEY, CODE_DISPLAY_KEY, CODE_FOREIGN_KEY, FLAG_HIDDEN, DEFAULT_VALUE, UNCHANGEABLE, XK_ITP_NAME)
	VALUES (3, 'BUSINESS_OBJECT_TYPE', 'TYPE', 'FLAG_PARTIAL_KEY', 'N', 'N', 'N', 'N', 'Y', 'N', 'FLAG');

INSERT INTO bot.v_attribute (CUBE_SEQUENCE, FK_BOT_NAME, FK_TYP_NAME, NAME, PRIMARY_KEY, CODE_DISPLAY_KEY, CODE_FOREIGN_KEY, FLAG_HIDDEN, DEFAULT_VALUE, UNCHANGEABLE, XK_ITP_NAME)
	VALUES (4, 'BUSINESS_OBJECT_TYPE', 'TYPE', 'FLAG_RECURSIVE', 'N', 'N', 'N', 'N', '', 'N', 'FLAG');

INSERT INTO bot.v_attribute (CUBE_SEQUENCE, FK_BOT_NAME, FK_TYP_NAME, NAME, PRIMARY_KEY, CODE_DISPLAY_KEY, CODE_FOREIGN_KEY, FLAG_HIDDEN, DEFAULT_VALUE, UNCHANGEABLE, XK_ITP_NAME)
	VALUES (5, 'BUSINESS_OBJECT_TYPE', 'TYPE', 'RECURSIVE_CARDINALITY', 'N', 'N', 'N', 'N', '', 'N', 'CARDINALITY');

INSERT INTO bot.v_attribute (CUBE_SEQUENCE, FK_BOT_NAME, FK_TYP_NAME, NAME, PRIMARY_KEY, CODE_DISPLAY_KEY, CODE_FOREIGN_KEY, FLAG_HIDDEN, DEFAULT_VALUE, UNCHANGEABLE, XK_ITP_NAME)
	VALUES (6, 'BUSINESS_OBJECT_TYPE', 'TYPE', 'CARDINALITY', 'N', 'N', 'N', 'N', '', 'N', 'CARDINALITY');

INSERT INTO bot.v_attribute (CUBE_SEQUENCE, FK_BOT_NAME, FK_TYP_NAME, NAME, PRIMARY_KEY, CODE_DISPLAY_KEY, CODE_FOREIGN_KEY, FLAG_HIDDEN, DEFAULT_VALUE, UNCHANGEABLE, XK_ITP_NAME)
	VALUES (7, 'BUSINESS_OBJECT_TYPE', 'TYPE', 'SORT_ORDER', 'N', 'N', 'N', 'N', '', 'N', 'SORT_TYPE');

INSERT INTO bot.v_attribute (CUBE_SEQUENCE, FK_BOT_NAME, FK_TYP_NAME, NAME, PRIMARY_KEY, CODE_DISPLAY_KEY, CODE_FOREIGN_KEY, FLAG_HIDDEN, DEFAULT_VALUE, UNCHANGEABLE, XK_ITP_NAME)
	VALUES (8, 'BUSINESS_OBJECT_TYPE', 'TYPE', 'ICON', 'N', 'N', 'N', 'N', '', 'N', 'ICON');

INSERT INTO bot.v_attribute (CUBE_SEQUENCE, FK_BOT_NAME, FK_TYP_NAME, NAME, PRIMARY_KEY, CODE_DISPLAY_KEY, CODE_FOREIGN_KEY, FLAG_HIDDEN, DEFAULT_VALUE, UNCHANGEABLE, XK_ITP_NAME)
	VALUES (9, 'BUSINESS_OBJECT_TYPE', 'TYPE', 'TRANSFERABLE', 'N', 'N', 'N', 'N', 'Y', 'N', 'FLAG');

INSERT INTO bot.v_description_attribute (FK_BOT_NAME, FK_TYP_NAME, FK_ATB_NAME, TEXT)
	VALUES ('BUSINESS_OBJECT_TYPE', 'TYPE', 'TRANSFERABLE', 'Indication that in case of a recursive type the type may moved to an other parent in the hierarchy.');

INSERT INTO bot.v_description_type (FK_BOT_NAME, FK_TYP_NAME, TEXT)
	VALUES ('BUSINESS_OBJECT_TYPE', 'TYPE', 'An entity type related to the business that is supported by the system.');

INSERT INTO bot.v_type (CUBE_SEQUENCE, FK_BOT_NAME, FK_TYP_NAME, NAME, CODE, FLAG_PARTIAL_KEY, FLAG_RECURSIVE, RECURSIVE_CARDINALITY, CARDINALITY, SORT_ORDER, ICON, TRANSFERABLE)
	VALUES (1, 'BUSINESS_OBJECT_TYPE', 'TYPE', 'TYPE_SPECIALISATION_GROUP', 'TSG', 'Y', 'Y', '1', 'N', 'P', 'TSPGROUP', 'Y');

INSERT INTO bot.v_attribute (CUBE_SEQUENCE, FK_BOT_NAME, FK_TYP_NAME, NAME, PRIMARY_KEY, CODE_DISPLAY_KEY, CODE_FOREIGN_KEY, FLAG_HIDDEN, DEFAULT_VALUE, UNCHANGEABLE, XK_ITP_NAME)
	VALUES (1, 'BUSINESS_OBJECT_TYPE', 'TYPE_SPECIALISATION_GROUP', 'CODE', 'Y', 'S', 'N', 'N', '', 'N', 'CODE');

INSERT INTO bot.v_attribute (CUBE_SEQUENCE, FK_BOT_NAME, FK_TYP_NAME, NAME, PRIMARY_KEY, CODE_DISPLAY_KEY, CODE_FOREIGN_KEY, FLAG_HIDDEN, DEFAULT_VALUE, UNCHANGEABLE, XK_ITP_NAME)
	VALUES (2, 'BUSINESS_OBJECT_TYPE', 'TYPE_SPECIALISATION_GROUP', 'NAME', 'N', 'Y', 'N', 'N', '', 'N', 'OBJECT_NAME');

INSERT INTO bot.v_attribute (CUBE_SEQUENCE, FK_BOT_NAME, FK_TYP_NAME, NAME, PRIMARY_KEY, CODE_DISPLAY_KEY, CODE_FOREIGN_KEY, FLAG_HIDDEN, DEFAULT_VALUE, UNCHANGEABLE, XK_ITP_NAME)
	VALUES (3, 'BUSINESS_OBJECT_TYPE', 'TYPE_SPECIALISATION_GROUP', 'PRIMARY_KEY', 'N', 'N', 'N', 'N', '', 'N', 'FLAG');

INSERT INTO bot.v_description_attribute (FK_BOT_NAME, FK_TYP_NAME, FK_ATB_NAME, TEXT)
	VALUES ('BUSINESS_OBJECT_TYPE', 'TYPE_SPECIALISATION_GROUP', 'PRIMARY_KEY', 'Indication that the type specification group is part of the unique identification of the type.');

INSERT INTO bot.v_reference (CUBE_SEQUENCE, FK_BOT_NAME, FK_TYP_NAME, NAME, PRIMARY_KEY, CODE_DISPLAY_KEY, SEQUENCE, SCOPE, UNCHANGEABLE, WITHIN_SCOPE_EXTENSION, CUBE_TSG_INT_EXT, TYPE_PREFIX, XK_BOT_NAME, XK_TYP_NAME, XK_TYP_NAME_1)
	VALUES (1, 'BUSINESS_OBJECT_TYPE', 'TYPE_SPECIALISATION_GROUP', 'IS_LOCATED_AFTER', 'N', 'N', 0, 'ALL', 'N', '', 'INT', 'N', '', 'ATTRIBUTE', 'TYPE');

INSERT INTO bot.v_description_reference (FK_BOT_NAME, FK_TYP_NAME, FK_REF_SEQUENCE, FK_REF_BOT_NAME, FK_REF_TYP_NAME, TEXT)
	VALUES ('BUSINESS_OBJECT_TYPE', 'TYPE_SPECIALISATION_GROUP', 0, '', 'ATTRIBUTE', 'Defines the location of the classifying attribute within the type.');

INSERT INTO bot.v_description_type (FK_BOT_NAME, FK_TYP_NAME, TEXT)
	VALUES ('BUSINESS_OBJECT_TYPE', 'TYPE_SPECIALISATION_GROUP', 'A group of classifications of the type.');

INSERT INTO bot.v_type (CUBE_SEQUENCE, FK_BOT_NAME, FK_TYP_NAME, NAME, CODE, FLAG_PARTIAL_KEY, FLAG_RECURSIVE, RECURSIVE_CARDINALITY, CARDINALITY, SORT_ORDER, ICON, TRANSFERABLE)
	VALUES (1, 'BUSINESS_OBJECT_TYPE', 'TYPE_SPECIALISATION_GROUP', 'TYPE_SPECIALISATION', 'TSP', 'Y', 'N', ' ', 'N', 'P', 'TYPESPEC', 'Y');

INSERT INTO bot.v_attribute (CUBE_SEQUENCE, FK_BOT_NAME, FK_TYP_NAME, NAME, PRIMARY_KEY, CODE_DISPLAY_KEY, CODE_FOREIGN_KEY, FLAG_HIDDEN, DEFAULT_VALUE, UNCHANGEABLE, XK_ITP_NAME)
	VALUES (1, 'BUSINESS_OBJECT_TYPE', 'TYPE_SPECIALISATION', 'CODE', 'Y', 'S', 'N', 'N', '', 'N', 'CODE');

INSERT INTO bot.v_attribute (CUBE_SEQUENCE, FK_BOT_NAME, FK_TYP_NAME, NAME, PRIMARY_KEY, CODE_DISPLAY_KEY, CODE_FOREIGN_KEY, FLAG_HIDDEN, DEFAULT_VALUE, UNCHANGEABLE, XK_ITP_NAME)
	VALUES (2, 'BUSINESS_OBJECT_TYPE', 'TYPE_SPECIALISATION', 'NAME', 'N', 'Y', 'N', 'N', '', 'N', 'OBJECT_NAME');

INSERT INTO bot.v_reference (CUBE_SEQUENCE, FK_BOT_NAME, FK_TYP_NAME, NAME, PRIMARY_KEY, CODE_DISPLAY_KEY, SEQUENCE, SCOPE, UNCHANGEABLE, WITHIN_SCOPE_EXTENSION, CUBE_TSG_INT_EXT, TYPE_PREFIX, XK_BOT_NAME, XK_TYP_NAME, XK_TYP_NAME_1)
	VALUES (1, 'BUSINESS_OBJECT_TYPE', 'TYPE_SPECIALISATION', 'SPECIALISE', 'N', 'N', 0, 'ALL', 'N', 'PAR', 'INT', 'N', '', 'TYPE_SPECIALISATION', 'TYPE_SPECIALISATION_GROUP');

INSERT INTO bot.v_description_type (FK_BOT_NAME, FK_TYP_NAME, TEXT)
	VALUES ('BUSINESS_OBJECT_TYPE', 'TYPE_SPECIALISATION', 'A classification of the type.');

INSERT INTO bot.v_type (CUBE_SEQUENCE, FK_BOT_NAME, FK_TYP_NAME, NAME, CODE, FLAG_PARTIAL_KEY, FLAG_RECURSIVE, RECURSIVE_CARDINALITY, CARDINALITY, SORT_ORDER, ICON, TRANSFERABLE)
	VALUES (2, 'BUSINESS_OBJECT_TYPE', 'TYPE', 'ATTRIBUTE', 'ATB', 'Y', 'N', 'N', 'N', 'P', 'ATTRIB', 'Y');

INSERT INTO bot.v_attribute (CUBE_SEQUENCE, FK_BOT_NAME, FK_TYP_NAME, NAME, PRIMARY_KEY, CODE_DISPLAY_KEY, CODE_FOREIGN_KEY, FLAG_HIDDEN, DEFAULT_VALUE, UNCHANGEABLE, XK_ITP_NAME)
	VALUES (1, 'BUSINESS_OBJECT_TYPE', 'ATTRIBUTE', 'NAME', 'Y', 'Y', 'N', 'N', '', 'N', 'OBJECT_NAME');

INSERT INTO bot.v_description_attribute (FK_BOT_NAME, FK_TYP_NAME, FK_ATB_NAME, TEXT)
	VALUES ('BUSINESS_OBJECT_TYPE', 'ATTRIBUTE', 'NAME', 'Unique identifier of the attribute.');

INSERT INTO bot.v_attribute (CUBE_SEQUENCE, FK_BOT_NAME, FK_TYP_NAME, NAME, PRIMARY_KEY, CODE_DISPLAY_KEY, CODE_FOREIGN_KEY, FLAG_HIDDEN, DEFAULT_VALUE, UNCHANGEABLE, XK_ITP_NAME)
	VALUES (2, 'BUSINESS_OBJECT_TYPE', 'ATTRIBUTE', 'PRIMARY_KEY', 'N', 'N', 'N', 'N', '', 'N', 'FLAG');

INSERT INTO bot.v_description_attribute (FK_BOT_NAME, FK_TYP_NAME, FK_ATB_NAME, TEXT)
	VALUES ('BUSINESS_OBJECT_TYPE', 'ATTRIBUTE', 'PRIMARY_KEY', 'Indication that attribute is part of the unique identification of the type.');

INSERT INTO bot.v_attribute (CUBE_SEQUENCE, FK_BOT_NAME, FK_TYP_NAME, NAME, PRIMARY_KEY, CODE_DISPLAY_KEY, CODE_FOREIGN_KEY, FLAG_HIDDEN, DEFAULT_VALUE, UNCHANGEABLE, XK_ITP_NAME)
	VALUES (3, 'BUSINESS_OBJECT_TYPE', 'ATTRIBUTE', 'CODE_DISPLAY_KEY', 'N', 'N', 'N', 'N', '', 'N', 'CODE_DISPLAY_KEY');

INSERT INTO bot.v_attribute (CUBE_SEQUENCE, FK_BOT_NAME, FK_TYP_NAME, NAME, PRIMARY_KEY, CODE_DISPLAY_KEY, CODE_FOREIGN_KEY, FLAG_HIDDEN, DEFAULT_VALUE, UNCHANGEABLE, XK_ITP_NAME)
	VALUES (4, 'BUSINESS_OBJECT_TYPE', 'ATTRIBUTE', 'CODE_FOREIGN_KEY', 'N', 'N', 'N', 'N', '', 'N', 'FOREIGN_KEY_TYPE');

INSERT INTO bot.v_attribute (CUBE_SEQUENCE, FK_BOT_NAME, FK_TYP_NAME, NAME, PRIMARY_KEY, CODE_DISPLAY_KEY, CODE_FOREIGN_KEY, FLAG_HIDDEN, DEFAULT_VALUE, UNCHANGEABLE, XK_ITP_NAME)
	VALUES (5, 'BUSINESS_OBJECT_TYPE', 'ATTRIBUTE', 'FLAG_HIDDEN', 'N', 'N', 'N', 'N', '', 'N', 'FLAG');

INSERT INTO bot.v_attribute (CUBE_SEQUENCE, FK_BOT_NAME, FK_TYP_NAME, NAME, PRIMARY_KEY, CODE_DISPLAY_KEY, CODE_FOREIGN_KEY, FLAG_HIDDEN, DEFAULT_VALUE, UNCHANGEABLE, XK_ITP_NAME)
	VALUES (6, 'BUSINESS_OBJECT_TYPE', 'ATTRIBUTE', 'DEFAULT_VALUE', 'N', 'N', 'N', 'N', '', 'N', 'DEFAULT_VALUE');

INSERT INTO bot.v_description_attribute (FK_BOT_NAME, FK_TYP_NAME, FK_ATB_NAME, TEXT)
	VALUES ('BUSINESS_OBJECT_TYPE', 'ATTRIBUTE', 'DEFAULT_VALUE', 'Defaut value that overules the default value specified by the information type element.');

INSERT INTO bot.v_attribute (CUBE_SEQUENCE, FK_BOT_NAME, FK_TYP_NAME, NAME, PRIMARY_KEY, CODE_DISPLAY_KEY, CODE_FOREIGN_KEY, FLAG_HIDDEN, DEFAULT_VALUE, UNCHANGEABLE, XK_ITP_NAME)
	VALUES (7, 'BUSINESS_OBJECT_TYPE', 'ATTRIBUTE', 'UNCHANGEABLE', 'N', 'N', 'N', 'N', 'N', 'N', 'FLAG');

INSERT INTO bot.v_description_attribute (FK_BOT_NAME, FK_TYP_NAME, FK_ATB_NAME, TEXT)
	VALUES ('BUSINESS_OBJECT_TYPE', 'ATTRIBUTE', 'UNCHANGEABLE', 'Indication that after the creation of the type the value of the atrribute can not be changed.');

INSERT INTO bot.v_reference (CUBE_SEQUENCE, FK_BOT_NAME, FK_TYP_NAME, NAME, PRIMARY_KEY, CODE_DISPLAY_KEY, SEQUENCE, SCOPE, UNCHANGEABLE, WITHIN_SCOPE_EXTENSION, CUBE_TSG_INT_EXT, TYPE_PREFIX, XK_BOT_NAME, XK_TYP_NAME, XK_TYP_NAME_1)
	VALUES (1, 'BUSINESS_OBJECT_TYPE', 'ATTRIBUTE', 'HAS_DOMAIN', 'N', 'N', 0, 'ALL', 'N', ' ', 'EXT', 'N', 'INFORMATION_TYPE', '', '');

INSERT INTO bot.v_type (CUBE_SEQUENCE, FK_BOT_NAME, FK_TYP_NAME, NAME, CODE, FLAG_PARTIAL_KEY, FLAG_RECURSIVE, RECURSIVE_CARDINALITY, CARDINALITY, SORT_ORDER, ICON, TRANSFERABLE)
	VALUES (1, 'BUSINESS_OBJECT_TYPE', 'ATTRIBUTE', 'DERIVATION', 'DER', 'Y', 'N', ' ', '1', 'N', 'DERIV', 'Y');

INSERT INTO bot.v_type_specialisation_group (CUBE_SEQUENCE, FK_BOT_NAME, FK_TYP_NAME, FK_TSG_CODE, CODE, NAME, PRIMARY_KEY, XF_ATB_TYP_NAME, XK_ATB_NAME)
	VALUES (1, 'BUSINESS_OBJECT_TYPE', 'DERIVATION', NULL, 'TYPE', 'TYPE', 'N', '', '');

INSERT INTO bot.v_type_specialisation (CUBE_SEQUENCE, FK_BOT_NAME, FK_TYP_NAME, FK_TSG_CODE, CODE, NAME, XF_TSP_TYP_NAME, XF_TSP_TSG_CODE, XK_TSP_CODE)
	VALUES (1, 'BUSINESS_OBJECT_TYPE', 'DERIVATION', 'TYPE', 'DN', 'DENORMALIZATION', '', '', '');

INSERT INTO bot.v_type_specialisation (CUBE_SEQUENCE, FK_BOT_NAME, FK_TYP_NAME, FK_TSG_CODE, CODE, NAME, XF_TSP_TYP_NAME, XF_TSP_TSG_CODE, XK_TSP_CODE)
	VALUES (2, 'BUSINESS_OBJECT_TYPE', 'DERIVATION', 'TYPE', 'IN', 'INTERNAL', '', '', '');

INSERT INTO bot.v_type_specialisation (CUBE_SEQUENCE, FK_BOT_NAME, FK_TYP_NAME, FK_TSG_CODE, CODE, NAME, XF_TSP_TYP_NAME, XF_TSP_TSG_CODE, XK_TSP_CODE)
	VALUES (3, 'BUSINESS_OBJECT_TYPE', 'DERIVATION', 'TYPE', 'AG', 'AGGREGATION', '', '', '');

INSERT INTO bot.v_attribute (CUBE_SEQUENCE, FK_BOT_NAME, FK_TYP_NAME, NAME, PRIMARY_KEY, CODE_DISPLAY_KEY, CODE_FOREIGN_KEY, FLAG_HIDDEN, DEFAULT_VALUE, UNCHANGEABLE, XK_ITP_NAME)
	VALUES (1, 'BUSINESS_OBJECT_TYPE', 'DERIVATION', 'AGGREGATE_FUNCTION', 'N', 'N', 'N', 'N', '', 'N', 'AGGREGATION');

INSERT INTO bot.v_restriction_type_spec_atb (FK_BOT_NAME, FK_TYP_NAME, FK_ATB_NAME, INCLUDE_OR_EXCLUDE, XF_TSP_TYP_NAME, XF_TSP_TSG_CODE, XK_TSP_CODE)
	VALUES ('BUSINESS_OBJECT_TYPE', 'DERIVATION', 'AGGREGATE_FUNCTION', 'IN', 'DERIVATION', 'TYPE', 'DN');

INSERT INTO bot.v_restriction_type_spec_atb (FK_BOT_NAME, FK_TYP_NAME, FK_ATB_NAME, INCLUDE_OR_EXCLUDE, XF_TSP_TYP_NAME, XF_TSP_TSG_CODE, XK_TSP_CODE)
	VALUES ('BUSINESS_OBJECT_TYPE', 'DERIVATION', 'AGGREGATE_FUNCTION', 'IN', 'DERIVATION', 'TYPE', 'IN');

INSERT INTO bot.v_reference (CUBE_SEQUENCE, FK_BOT_NAME, FK_TYP_NAME, NAME, PRIMARY_KEY, CODE_DISPLAY_KEY, SEQUENCE, SCOPE, UNCHANGEABLE, WITHIN_SCOPE_EXTENSION, CUBE_TSG_INT_EXT, TYPE_PREFIX, XK_BOT_NAME, XK_TYP_NAME, XK_TYP_NAME_1)
	VALUES (1, 'BUSINESS_OBJECT_TYPE', 'DERIVATION', 'CONCERNS_PARENT', 'N', 'N', 0, 'PR1', 'N', '', 'INT', 'N', '', 'TYPE', '');

INSERT INTO bot.v_reference (CUBE_SEQUENCE, FK_BOT_NAME, FK_TYP_NAME, NAME, PRIMARY_KEY, CODE_DISPLAY_KEY, SEQUENCE, SCOPE, UNCHANGEABLE, WITHIN_SCOPE_EXTENSION, CUBE_TSG_INT_EXT, TYPE_PREFIX, XK_BOT_NAME, XK_TYP_NAME, XK_TYP_NAME_1)
	VALUES (2, 'BUSINESS_OBJECT_TYPE', 'DERIVATION', 'CONCERNS_CHILD', 'N', 'N', 1, 'CH1', 'N', '', 'INT', 'N', '', 'TYPE', '');

INSERT INTO bot.v_type (CUBE_SEQUENCE, FK_BOT_NAME, FK_TYP_NAME, NAME, CODE, FLAG_PARTIAL_KEY, FLAG_RECURSIVE, RECURSIVE_CARDINALITY, CARDINALITY, SORT_ORDER, ICON, TRANSFERABLE)
	VALUES (2, 'BUSINESS_OBJECT_TYPE', 'ATTRIBUTE', 'DESCRIPTION_ATTRIBUTE', 'DCA', 'Y', 'N', ' ', '1', 'N', 'DESC', 'Y');

INSERT INTO bot.v_attribute (CUBE_SEQUENCE, FK_BOT_NAME, FK_TYP_NAME, NAME, PRIMARY_KEY, CODE_DISPLAY_KEY, CODE_FOREIGN_KEY, FLAG_HIDDEN, DEFAULT_VALUE, UNCHANGEABLE, XK_ITP_NAME)
	VALUES (1, 'BUSINESS_OBJECT_TYPE', 'DESCRIPTION_ATTRIBUTE', 'TEXT', 'N', 'N', 'N', 'N', '', 'N', 'DESCRIPTION');

INSERT INTO bot.v_type (CUBE_SEQUENCE, FK_BOT_NAME, FK_TYP_NAME, NAME, CODE, FLAG_PARTIAL_KEY, FLAG_RECURSIVE, RECURSIVE_CARDINALITY, CARDINALITY, SORT_ORDER, ICON, TRANSFERABLE)
	VALUES (3, 'BUSINESS_OBJECT_TYPE', 'ATTRIBUTE', 'RESTRICTION_TYPE_SPEC_ATB', 'RTA', 'Y', 'N', ' ', 'N', 'K', 'RESTRICT', 'Y');

INSERT INTO bot.v_attribute (CUBE_SEQUENCE, FK_BOT_NAME, FK_TYP_NAME, NAME, PRIMARY_KEY, CODE_DISPLAY_KEY, CODE_FOREIGN_KEY, FLAG_HIDDEN, DEFAULT_VALUE, UNCHANGEABLE, XK_ITP_NAME)
	VALUES (1, 'BUSINESS_OBJECT_TYPE', 'RESTRICTION_TYPE_SPEC_ATB', 'INCLUDE_OR_EXCLUDE', 'N', 'N', 'N', 'N', '', 'N', 'INCLUDE_OR_EXCLUDE');

INSERT INTO bot.v_description_attribute (FK_BOT_NAME, FK_TYP_NAME, FK_ATB_NAME, TEXT)
	VALUES ('BUSINESS_OBJECT_TYPE', 'RESTRICTION_TYPE_SPEC_ATB', 'INCLUDE_OR_EXCLUDE', 'Indication that the attribute is valid (included) or invalid (excluded) for the concerning type specialisation.');

INSERT INTO bot.v_reference (CUBE_SEQUENCE, FK_BOT_NAME, FK_TYP_NAME, NAME, PRIMARY_KEY, CODE_DISPLAY_KEY, SEQUENCE, SCOPE, UNCHANGEABLE, WITHIN_SCOPE_EXTENSION, CUBE_TSG_INT_EXT, TYPE_PREFIX, XK_BOT_NAME, XK_TYP_NAME, XK_TYP_NAME_1)
	VALUES (1, 'BUSINESS_OBJECT_TYPE', 'RESTRICTION_TYPE_SPEC_ATB', 'IS_VALID_FOR', 'Y', 'Y', 0, 'ALL', 'N', '', 'INT', 'N', '', 'TYPE_SPECIALISATION', 'TYPE');

INSERT INTO bot.v_type (CUBE_SEQUENCE, FK_BOT_NAME, FK_TYP_NAME, NAME, CODE, FLAG_PARTIAL_KEY, FLAG_RECURSIVE, RECURSIVE_CARDINALITY, CARDINALITY, SORT_ORDER, ICON, TRANSFERABLE)
	VALUES (3, 'BUSINESS_OBJECT_TYPE', 'TYPE', 'REFERENCE', 'REF', 'Y', 'N', '', 'N', 'P', 'REF', 'Y');

INSERT INTO bot.v_type_specialisation_group (CUBE_SEQUENCE, FK_BOT_NAME, FK_TYP_NAME, FK_TSG_CODE, CODE, NAME, PRIMARY_KEY, XF_ATB_TYP_NAME, XK_ATB_NAME)
	VALUES (1, 'BUSINESS_OBJECT_TYPE', 'REFERENCE', NULL, 'INT_EXT', 'INTERNAL_OR_EXTERNAL', 'N', 'REFERENCE', 'WITHIN_SCOPE_EXTENSION');

INSERT INTO bot.v_type_specialisation (CUBE_SEQUENCE, FK_BOT_NAME, FK_TYP_NAME, FK_TSG_CODE, CODE, NAME, XF_TSP_TYP_NAME, XF_TSP_TSG_CODE, XK_TSP_CODE)
	VALUES (1, 'BUSINESS_OBJECT_TYPE', 'REFERENCE', 'INT_EXT', 'INT', 'INTERNAL', '', '', '');

INSERT INTO bot.v_type_specialisation (CUBE_SEQUENCE, FK_BOT_NAME, FK_TYP_NAME, FK_TSG_CODE, CODE, NAME, XF_TSP_TYP_NAME, XF_TSP_TSG_CODE, XK_TSP_CODE)
	VALUES (2, 'BUSINESS_OBJECT_TYPE', 'REFERENCE', 'INT_EXT', 'EXT', 'EXTERNAL', '', '', '');

INSERT INTO bot.v_attribute (CUBE_SEQUENCE, FK_BOT_NAME, FK_TYP_NAME, NAME, PRIMARY_KEY, CODE_DISPLAY_KEY, CODE_FOREIGN_KEY, FLAG_HIDDEN, DEFAULT_VALUE, UNCHANGEABLE, XK_ITP_NAME)
	VALUES (1, 'BUSINESS_OBJECT_TYPE', 'REFERENCE', 'NAME', 'N', 'Y', 'N', 'N', '', 'N', 'OBJECT_NAME');

INSERT INTO bot.v_attribute (CUBE_SEQUENCE, FK_BOT_NAME, FK_TYP_NAME, NAME, PRIMARY_KEY, CODE_DISPLAY_KEY, CODE_FOREIGN_KEY, FLAG_HIDDEN, DEFAULT_VALUE, UNCHANGEABLE, XK_ITP_NAME)
	VALUES (2, 'BUSINESS_OBJECT_TYPE', 'REFERENCE', 'PRIMARY_KEY', 'N', 'N', 'N', 'N', '', 'N', 'FLAG');

INSERT INTO bot.v_description_attribute (FK_BOT_NAME, FK_TYP_NAME, FK_ATB_NAME, TEXT)
	VALUES ('BUSINESS_OBJECT_TYPE', 'REFERENCE', 'PRIMARY_KEY', 'Indication that reference is part of the unique identification of the type.');

INSERT INTO bot.v_attribute (CUBE_SEQUENCE, FK_BOT_NAME, FK_TYP_NAME, NAME, PRIMARY_KEY, CODE_DISPLAY_KEY, CODE_FOREIGN_KEY, FLAG_HIDDEN, DEFAULT_VALUE, UNCHANGEABLE, XK_ITP_NAME)
	VALUES (3, 'BUSINESS_OBJECT_TYPE', 'REFERENCE', 'CODE_DISPLAY_KEY', 'N', 'N', 'N', 'N', '', 'N', 'CODE_DISPLAY_KEY');

INSERT INTO bot.v_attribute (CUBE_SEQUENCE, FK_BOT_NAME, FK_TYP_NAME, NAME, PRIMARY_KEY, CODE_DISPLAY_KEY, CODE_FOREIGN_KEY, FLAG_HIDDEN, DEFAULT_VALUE, UNCHANGEABLE, XK_ITP_NAME)
	VALUES (4, 'BUSINESS_OBJECT_TYPE', 'REFERENCE', 'SEQUENCE', 'Y', 'N', 'N', 'N', '0', 'N', 'NUM1');

INSERT INTO bot.v_attribute (CUBE_SEQUENCE, FK_BOT_NAME, FK_TYP_NAME, NAME, PRIMARY_KEY, CODE_DISPLAY_KEY, CODE_FOREIGN_KEY, FLAG_HIDDEN, DEFAULT_VALUE, UNCHANGEABLE, XK_ITP_NAME)
	VALUES (5, 'BUSINESS_OBJECT_TYPE', 'REFERENCE', 'SCOPE', 'N', 'N', 'N', 'N', '', 'N', 'SCOPE_TYPE');

INSERT INTO bot.v_description_attribute (FK_BOT_NAME, FK_TYP_NAME, FK_ATB_NAME, TEXT)
	VALUES ('BUSINESS_OBJECT_TYPE', 'REFERENCE', 'SCOPE', 'In case of a recursive target, the definition of the collection of the types to select.');

INSERT INTO bot.v_restriction_type_spec_atb (FK_BOT_NAME, FK_TYP_NAME, FK_ATB_NAME, INCLUDE_OR_EXCLUDE, XF_TSP_TYP_NAME, XF_TSP_TSG_CODE, XK_TSP_CODE)
	VALUES ('BUSINESS_OBJECT_TYPE', 'REFERENCE', 'SCOPE', 'IN', 'REFERENCE', 'INT_EXT', 'INT');

INSERT INTO bot.v_attribute (CUBE_SEQUENCE, FK_BOT_NAME, FK_TYP_NAME, NAME, PRIMARY_KEY, CODE_DISPLAY_KEY, CODE_FOREIGN_KEY, FLAG_HIDDEN, DEFAULT_VALUE, UNCHANGEABLE, XK_ITP_NAME)
	VALUES (6, 'BUSINESS_OBJECT_TYPE', 'REFERENCE', 'UNCHANGEABLE', 'N', 'N', 'N', 'N', 'N', 'N', 'FLAG');

INSERT INTO bot.v_description_attribute (FK_BOT_NAME, FK_TYP_NAME, FK_ATB_NAME, TEXT)
	VALUES ('BUSINESS_OBJECT_TYPE', 'REFERENCE', 'UNCHANGEABLE', 'Indication that after the creation of the type the reference can not be changed. So in case of a recursive reference the indication too that the relation is used to select the parents or children in the hierarchy.');

INSERT INTO bot.v_attribute (CUBE_SEQUENCE, FK_BOT_NAME, FK_TYP_NAME, NAME, PRIMARY_KEY, CODE_DISPLAY_KEY, CODE_FOREIGN_KEY, FLAG_HIDDEN, DEFAULT_VALUE, UNCHANGEABLE, XK_ITP_NAME)
	VALUES (7, 'BUSINESS_OBJECT_TYPE', 'REFERENCE', 'WITHIN_SCOPE_EXTENSION', 'N', 'N', 'N', 'N', '', 'N', 'SCOPE_EXTENSION');

INSERT INTO bot.v_restriction_type_spec_atb (FK_BOT_NAME, FK_TYP_NAME, FK_ATB_NAME, INCLUDE_OR_EXCLUDE, XF_TSP_TYP_NAME, XF_TSP_TSG_CODE, XK_TSP_CODE)
	VALUES ('BUSINESS_OBJECT_TYPE', 'REFERENCE', 'WITHIN_SCOPE_EXTENSION', 'IN', 'REFERENCE', 'INT_EXT', 'INT');

INSERT INTO bot.v_attribute (CUBE_SEQUENCE, FK_BOT_NAME, FK_TYP_NAME, NAME, PRIMARY_KEY, CODE_DISPLAY_KEY, CODE_FOREIGN_KEY, FLAG_HIDDEN, DEFAULT_VALUE, UNCHANGEABLE, XK_ITP_NAME)
	VALUES (8, 'BUSINESS_OBJECT_TYPE', 'REFERENCE', 'TYPE_PREFIX', 'N', 'N', 'N', 'N', 'N', 'N', 'FLAG');

INSERT INTO bot.v_description_attribute (FK_BOT_NAME, FK_TYP_NAME, FK_ATB_NAME, TEXT)
	VALUES ('BUSINESS_OBJECT_TYPE', 'REFERENCE', 'TYPE_PREFIX', 'Indication that the technical (model) name is prefixed with the name of the parent type.');

INSERT INTO bot.v_reference (CUBE_SEQUENCE, FK_BOT_NAME, FK_TYP_NAME, NAME, PRIMARY_KEY, CODE_DISPLAY_KEY, SEQUENCE, SCOPE, UNCHANGEABLE, WITHIN_SCOPE_EXTENSION, CUBE_TSG_INT_EXT, TYPE_PREFIX, XK_BOT_NAME, XK_TYP_NAME, XK_TYP_NAME_1)
	VALUES (1, 'BUSINESS_OBJECT_TYPE', 'REFERENCE', 'REFER', 'Y', 'Y', 0, 'ALL', 'N', ' ', 'INT', 'N', '', 'BUSINESS_OBJECT_TYPE', '');

INSERT INTO bot.v_restriction_type_spec_ref (FK_BOT_NAME, FK_TYP_NAME, FK_REF_SEQUENCE, FK_REF_BOT_NAME, FK_REF_TYP_NAME, INCLUDE_OR_EXCLUDE, XF_TSP_TYP_NAME, XF_TSP_TSG_CODE, XK_TSP_CODE)
	VALUES ('BUSINESS_OBJECT_TYPE', 'REFERENCE', 0, '', 'BUSINESS_OBJECT_TYPE', 'IN', 'REFERENCE', 'INT_EXT', 'EXT');

INSERT INTO bot.v_reference (CUBE_SEQUENCE, FK_BOT_NAME, FK_TYP_NAME, NAME, PRIMARY_KEY, CODE_DISPLAY_KEY, SEQUENCE, SCOPE, UNCHANGEABLE, WITHIN_SCOPE_EXTENSION, CUBE_TSG_INT_EXT, TYPE_PREFIX, XK_BOT_NAME, XK_TYP_NAME, XK_TYP_NAME_1)
	VALUES (2, 'BUSINESS_OBJECT_TYPE', 'REFERENCE', 'REFER', 'Y', 'Y', 0, 'ALL', 'N', '', 'INT', 'N', '', 'TYPE', 'BUSINESS_OBJECT_TYPE');

INSERT INTO bot.v_restriction_type_spec_ref (FK_BOT_NAME, FK_TYP_NAME, FK_REF_SEQUENCE, FK_REF_BOT_NAME, FK_REF_TYP_NAME, INCLUDE_OR_EXCLUDE, XF_TSP_TYP_NAME, XF_TSP_TSG_CODE, XK_TSP_CODE)
	VALUES ('BUSINESS_OBJECT_TYPE', 'REFERENCE', 0, '', 'TYPE', 'IN', 'REFERENCE', 'INT_EXT', 'INT');

INSERT INTO bot.v_reference (CUBE_SEQUENCE, FK_BOT_NAME, FK_TYP_NAME, NAME, PRIMARY_KEY, CODE_DISPLAY_KEY, SEQUENCE, SCOPE, UNCHANGEABLE, WITHIN_SCOPE_EXTENSION, CUBE_TSG_INT_EXT, TYPE_PREFIX, XK_BOT_NAME, XK_TYP_NAME, XK_TYP_NAME_1)
	VALUES (3, 'BUSINESS_OBJECT_TYPE', 'REFERENCE', 'WITHIN_SCOPE_OF', 'N', 'N', 1, 'ENC', 'N', '', 'INT', 'N', '', 'TYPE', '');

INSERT INTO bot.v_restriction_type_spec_ref (FK_BOT_NAME, FK_TYP_NAME, FK_REF_SEQUENCE, FK_REF_BOT_NAME, FK_REF_TYP_NAME, INCLUDE_OR_EXCLUDE, XF_TSP_TYP_NAME, XF_TSP_TSG_CODE, XK_TSP_CODE)
	VALUES ('BUSINESS_OBJECT_TYPE', 'REFERENCE', 1, '', 'TYPE', 'IN', 'REFERENCE', 'INT_EXT', 'INT');

INSERT INTO bot.v_type (CUBE_SEQUENCE, FK_BOT_NAME, FK_TYP_NAME, NAME, CODE, FLAG_PARTIAL_KEY, FLAG_RECURSIVE, RECURSIVE_CARDINALITY, CARDINALITY, SORT_ORDER, ICON, TRANSFERABLE)
	VALUES (1, 'BUSINESS_OBJECT_TYPE', 'REFERENCE', 'DESCRIPTION_REFERENCE', 'DCR', 'Y', 'N', ' ', '1', 'N', 'DESC', 'Y');

INSERT INTO bot.v_attribute (CUBE_SEQUENCE, FK_BOT_NAME, FK_TYP_NAME, NAME, PRIMARY_KEY, CODE_DISPLAY_KEY, CODE_FOREIGN_KEY, FLAG_HIDDEN, DEFAULT_VALUE, UNCHANGEABLE, XK_ITP_NAME)
	VALUES (1, 'BUSINESS_OBJECT_TYPE', 'DESCRIPTION_REFERENCE', 'TEXT', 'N', 'N', 'N', 'N', '', 'N', 'DESCRIPTION');

INSERT INTO bot.v_type (CUBE_SEQUENCE, FK_BOT_NAME, FK_TYP_NAME, NAME, CODE, FLAG_PARTIAL_KEY, FLAG_RECURSIVE, RECURSIVE_CARDINALITY, CARDINALITY, SORT_ORDER, ICON, TRANSFERABLE)
	VALUES (2, 'BUSINESS_OBJECT_TYPE', 'REFERENCE', 'RESTRICTION_TYPE_SPEC_REF', 'RTR', 'Y', 'N', ' ', 'N', 'K', 'RESTRICT', 'Y');

INSERT INTO bot.v_attribute (CUBE_SEQUENCE, FK_BOT_NAME, FK_TYP_NAME, NAME, PRIMARY_KEY, CODE_DISPLAY_KEY, CODE_FOREIGN_KEY, FLAG_HIDDEN, DEFAULT_VALUE, UNCHANGEABLE, XK_ITP_NAME)
	VALUES (1, 'BUSINESS_OBJECT_TYPE', 'RESTRICTION_TYPE_SPEC_REF', 'INCLUDE_OR_EXCLUDE', 'N', 'N', 'N', 'N', '', 'N', 'INCLUDE_OR_EXCLUDE');

INSERT INTO bot.v_description_attribute (FK_BOT_NAME, FK_TYP_NAME, FK_ATB_NAME, TEXT)
	VALUES ('BUSINESS_OBJECT_TYPE', 'RESTRICTION_TYPE_SPEC_REF', 'INCLUDE_OR_EXCLUDE', 'Indication that the reference is valid (included) or invalid (excluded) for the concerning type specialisation.');

INSERT INTO bot.v_reference (CUBE_SEQUENCE, FK_BOT_NAME, FK_TYP_NAME, NAME, PRIMARY_KEY, CODE_DISPLAY_KEY, SEQUENCE, SCOPE, UNCHANGEABLE, WITHIN_SCOPE_EXTENSION, CUBE_TSG_INT_EXT, TYPE_PREFIX, XK_BOT_NAME, XK_TYP_NAME, XK_TYP_NAME_1)
	VALUES (1, 'BUSINESS_OBJECT_TYPE', 'RESTRICTION_TYPE_SPEC_REF', 'IS_VALID_FOR', 'Y', 'Y', 0, 'ALL', 'N', '', 'INT', 'N', '', 'TYPE_SPECIALISATION', 'TYPE');

INSERT INTO bot.v_type (CUBE_SEQUENCE, FK_BOT_NAME, FK_TYP_NAME, NAME, CODE, FLAG_PARTIAL_KEY, FLAG_RECURSIVE, RECURSIVE_CARDINALITY, CARDINALITY, SORT_ORDER, ICON, TRANSFERABLE)
	VALUES (3, 'BUSINESS_OBJECT_TYPE', 'REFERENCE', 'RESTRICTION_TARGET_TYPE_SPEC', 'RTS', 'Y', 'N', 'N', '1', 'N', 'RESTRTGT', 'Y');

INSERT INTO bot.v_attribute (CUBE_SEQUENCE, FK_BOT_NAME, FK_TYP_NAME, NAME, PRIMARY_KEY, CODE_DISPLAY_KEY, CODE_FOREIGN_KEY, FLAG_HIDDEN, DEFAULT_VALUE, UNCHANGEABLE, XK_ITP_NAME)
	VALUES (1, 'BUSINESS_OBJECT_TYPE', 'RESTRICTION_TARGET_TYPE_SPEC', 'INCLUDE_OR_EXCLUDE', 'N', 'Y', 'N', 'N', '', 'N', 'INCLUDE_OR_EXCLUDE');

INSERT INTO bot.v_reference (CUBE_SEQUENCE, FK_BOT_NAME, FK_TYP_NAME, NAME, PRIMARY_KEY, CODE_DISPLAY_KEY, SEQUENCE, SCOPE, UNCHANGEABLE, WITHIN_SCOPE_EXTENSION, CUBE_TSG_INT_EXT, TYPE_PREFIX, XK_BOT_NAME, XK_TYP_NAME, XK_TYP_NAME_1)
	VALUES (1, 'BUSINESS_OBJECT_TYPE', 'RESTRICTION_TARGET_TYPE_SPEC', 'IS_VALID_FOR', 'Y', 'Y', 0, 'ALL', 'N', 'REF', 'INT', 'N', '', 'TYPE_SPECIALISATION', 'REFERENCE');

INSERT INTO bot.v_type (CUBE_SEQUENCE, FK_BOT_NAME, FK_TYP_NAME, NAME, CODE, FLAG_PARTIAL_KEY, FLAG_RECURSIVE, RECURSIVE_CARDINALITY, CARDINALITY, SORT_ORDER, ICON, TRANSFERABLE)
	VALUES (4, 'BUSINESS_OBJECT_TYPE', 'TYPE', 'SERVICE', 'SRV', 'Y', 'N', 'N', 'N', 'P', 'SERVICE', 'Y');

INSERT INTO bot.v_type_specialisation_group (CUBE_SEQUENCE, FK_BOT_NAME, FK_TYP_NAME, FK_TSG_CODE, CODE, NAME, PRIMARY_KEY, XF_ATB_TYP_NAME, XK_ATB_NAME)
	VALUES (1, 'BUSINESS_OBJECT_TYPE', 'SERVICE', NULL, 'DB_SCR', 'DB_INTERACTION_OR_SVR_SCRIPT', 'Y', 'SERVICE', 'NAME');

INSERT INTO bot.v_type_specialisation (CUBE_SEQUENCE, FK_BOT_NAME, FK_TYP_NAME, FK_TSG_CODE, CODE, NAME, XF_TSP_TYP_NAME, XF_TSP_TSG_CODE, XK_TSP_CODE)
	VALUES (1, 'BUSINESS_OBJECT_TYPE', 'SERVICE', 'DB_SCR', 'D', 'DATABASE_INTERACTION', '', '', '');

INSERT INTO bot.v_type_specialisation (CUBE_SEQUENCE, FK_BOT_NAME, FK_TYP_NAME, FK_TSG_CODE, CODE, NAME, XF_TSP_TYP_NAME, XF_TSP_TSG_CODE, XK_TSP_CODE)
	VALUES (2, 'BUSINESS_OBJECT_TYPE', 'SERVICE', 'DB_SCR', 'S', 'SERVER_SCRIPT', '', '', '');

INSERT INTO bot.v_attribute (CUBE_SEQUENCE, FK_BOT_NAME, FK_TYP_NAME, NAME, PRIMARY_KEY, CODE_DISPLAY_KEY, CODE_FOREIGN_KEY, FLAG_HIDDEN, DEFAULT_VALUE, UNCHANGEABLE, XK_ITP_NAME)
	VALUES (1, 'BUSINESS_OBJECT_TYPE', 'SERVICE', 'NAME', 'Y', 'Y', 'N', 'N', '', 'N', 'OBJECT_NAME');

INSERT INTO bot.v_attribute (CUBE_SEQUENCE, FK_BOT_NAME, FK_TYP_NAME, NAME, PRIMARY_KEY, CODE_DISPLAY_KEY, CODE_FOREIGN_KEY, FLAG_HIDDEN, DEFAULT_VALUE, UNCHANGEABLE, XK_ITP_NAME)
	VALUES (2, 'BUSINESS_OBJECT_TYPE', 'SERVICE', 'CLASS', 'N', 'N', 'N', 'N', '', 'N', 'SERVICE_CLASS');

INSERT INTO bot.v_restriction_type_spec_atb (FK_BOT_NAME, FK_TYP_NAME, FK_ATB_NAME, INCLUDE_OR_EXCLUDE, XF_TSP_TYP_NAME, XF_TSP_TSG_CODE, XK_TSP_CODE)
	VALUES ('BUSINESS_OBJECT_TYPE', 'SERVICE', 'CLASS', 'IN', 'SERVICE', 'DB_SCR', 'D');

INSERT INTO bot.v_attribute (CUBE_SEQUENCE, FK_BOT_NAME, FK_TYP_NAME, NAME, PRIMARY_KEY, CODE_DISPLAY_KEY, CODE_FOREIGN_KEY, FLAG_HIDDEN, DEFAULT_VALUE, UNCHANGEABLE, XK_ITP_NAME)
	VALUES (3, 'BUSINESS_OBJECT_TYPE', 'SERVICE', 'ACCESSIBILITY', 'N', 'N', 'N', 'N', '', 'N', 'SERVICE_ACCESSIBILITY');

INSERT INTO bot.v_type (CUBE_SEQUENCE, FK_BOT_NAME, FK_TYP_NAME, NAME, CODE, FLAG_PARTIAL_KEY, FLAG_RECURSIVE, RECURSIVE_CARDINALITY, CARDINALITY, SORT_ORDER, ICON, TRANSFERABLE)
	VALUES (1, 'BUSINESS_OBJECT_TYPE', 'SERVICE', 'SERVICE_STEP', 'SST', 'Y', 'N', 'N', 'N', 'P', 'SERVSTEP', 'Y');

INSERT INTO bot.v_attribute (CUBE_SEQUENCE, FK_BOT_NAME, FK_TYP_NAME, NAME, PRIMARY_KEY, CODE_DISPLAY_KEY, CODE_FOREIGN_KEY, FLAG_HIDDEN, DEFAULT_VALUE, UNCHANGEABLE, XK_ITP_NAME)
	VALUES (1, 'BUSINESS_OBJECT_TYPE', 'SERVICE_STEP', 'NAME', 'Y', 'Y', 'N', 'N', '', 'N', 'OBJECT_NAME');

INSERT INTO bot.v_attribute (CUBE_SEQUENCE, FK_BOT_NAME, FK_TYP_NAME, NAME, PRIMARY_KEY, CODE_DISPLAY_KEY, CODE_FOREIGN_KEY, FLAG_HIDDEN, DEFAULT_VALUE, UNCHANGEABLE, XK_ITP_NAME)
	VALUES (2, 'BUSINESS_OBJECT_TYPE', 'SERVICE_STEP', 'SCRIPT_NAME', 'N', 'N', 'N', 'N', '', 'N', 'SCRIPT_NAME');

INSERT INTO bot.v_restriction_type_spec_typ (FK_BOT_NAME, FK_TYP_NAME, INCLUDE_OR_EXCLUDE, XF_TSP_TYP_NAME, XF_TSP_TSG_CODE, XK_TSP_CODE)
	VALUES ('BUSINESS_OBJECT_TYPE', 'SERVICE_STEP', 'IN', 'SERVICE', 'DB_SCR', 'S');

INSERT INTO bot.v_type (CUBE_SEQUENCE, FK_BOT_NAME, FK_TYP_NAME, NAME, CODE, FLAG_PARTIAL_KEY, FLAG_RECURSIVE, RECURSIVE_CARDINALITY, CARDINALITY, SORT_ORDER, ICON, TRANSFERABLE)
	VALUES (2, 'BUSINESS_OBJECT_TYPE', 'SERVICE', 'SERVICE_ARGUMENT', 'SVA', 'Y', 'N', 'N', 'N', 'P', 'SERVARG', 'Y');

INSERT INTO bot.v_type_specialisation_group (CUBE_SEQUENCE, FK_BOT_NAME, FK_TYP_NAME, FK_TSG_CODE, CODE, NAME, PRIMARY_KEY, XF_ATB_TYP_NAME, XK_ATB_NAME)
	VALUES (1, 'BUSINESS_OBJECT_TYPE', 'SERVICE_ARGUMENT', NULL, 'SVA_TYPE', 'TYPE', 'N', '', '');

INSERT INTO bot.v_type_specialisation (CUBE_SEQUENCE, FK_BOT_NAME, FK_TYP_NAME, FK_TSG_CODE, CODE, NAME, XF_TSP_TYP_NAME, XF_TSP_TSG_CODE, XK_TSP_CODE)
	VALUES (1, 'BUSINESS_OBJECT_TYPE', 'SERVICE_ARGUMENT', 'SVA_TYPE', 'OPT', 'OPTION', '', '', '');

INSERT INTO bot.v_type_specialisation (CUBE_SEQUENCE, FK_BOT_NAME, FK_TYP_NAME, FK_TSG_CODE, CODE, NAME, XF_TSP_TYP_NAME, XF_TSP_TSG_CODE, XK_TSP_CODE)
	VALUES (2, 'BUSINESS_OBJECT_TYPE', 'SERVICE_ARGUMENT', 'SVA_TYPE', 'PAR', 'PARENT_TYPE', '', '', '');

INSERT INTO bot.v_type_specialisation (CUBE_SEQUENCE, FK_BOT_NAME, FK_TYP_NAME, FK_TSG_CODE, CODE, NAME, XF_TSP_TYP_NAME, XF_TSP_TSG_CODE, XK_TSP_CODE)
	VALUES (3, 'BUSINESS_OBJECT_TYPE', 'SERVICE_ARGUMENT', 'SVA_TYPE', 'RPA', 'RECURSIVE_PARENT_TYPE', '', '', '');

INSERT INTO bot.v_type_specialisation (CUBE_SEQUENCE, FK_BOT_NAME, FK_TYP_NAME, FK_TSG_CODE, CODE, NAME, XF_TSP_TYP_NAME, XF_TSP_TSG_CODE, XK_TSP_CODE)
	VALUES (4, 'BUSINESS_OBJECT_TYPE', 'SERVICE_ARGUMENT', 'SVA_TYPE', 'REF', 'REFERENCE', '', '', '');

INSERT INTO bot.v_type_specialisation (CUBE_SEQUENCE, FK_BOT_NAME, FK_TYP_NAME, FK_TSG_CODE, CODE, NAME, XF_TSP_TYP_NAME, XF_TSP_TSG_CODE, XK_TSP_CODE)
	VALUES (5, 'BUSINESS_OBJECT_TYPE', 'SERVICE_ARGUMENT', 'SVA_TYPE', 'ATB', 'ATTRIBUTE', '', '', '');

INSERT INTO bot.v_attribute (CUBE_SEQUENCE, FK_BOT_NAME, FK_TYP_NAME, NAME, PRIMARY_KEY, CODE_DISPLAY_KEY, CODE_FOREIGN_KEY, FLAG_HIDDEN, DEFAULT_VALUE, UNCHANGEABLE, XK_ITP_NAME)
	VALUES (1, 'BUSINESS_OBJECT_TYPE', 'SERVICE_ARGUMENT', 'OPTION_NAME', 'Y', 'N', 'N', 'N', '', 'N', 'OBJECT_NAME');

INSERT INTO bot.v_restriction_type_spec_atb (FK_BOT_NAME, FK_TYP_NAME, FK_ATB_NAME, INCLUDE_OR_EXCLUDE, XF_TSP_TYP_NAME, XF_TSP_TSG_CODE, XK_TSP_CODE)
	VALUES ('BUSINESS_OBJECT_TYPE', 'SERVICE_ARGUMENT', 'OPTION_NAME', 'IN', 'SERVICE_ARGUMENT', 'SVA_TYPE', 'OPT');

INSERT INTO bot.v_attribute (CUBE_SEQUENCE, FK_BOT_NAME, FK_TYP_NAME, NAME, PRIMARY_KEY, CODE_DISPLAY_KEY, CODE_FOREIGN_KEY, FLAG_HIDDEN, DEFAULT_VALUE, UNCHANGEABLE, XK_ITP_NAME)
	VALUES (2, 'BUSINESS_OBJECT_TYPE', 'SERVICE_ARGUMENT', 'INPUT_OR_OUTPUT', 'N', 'N', 'N', 'N', '', 'N', 'INPUT_OR_OUTPUT');

INSERT INTO bot.v_reference (CUBE_SEQUENCE, FK_BOT_NAME, FK_TYP_NAME, NAME, PRIMARY_KEY, CODE_DISPLAY_KEY, SEQUENCE, SCOPE, UNCHANGEABLE, WITHIN_SCOPE_EXTENSION, CUBE_TSG_INT_EXT, TYPE_PREFIX, XK_BOT_NAME, XK_TYP_NAME, XK_TYP_NAME_1)
	VALUES (1, 'BUSINESS_OBJECT_TYPE', 'SERVICE_ARGUMENT', 'HAS_DOMAIN', 'N', 'N', 0, 'ALL', 'N', ' ', 'EXT', 'Y', 'INFORMATION_TYPE', '', '');

INSERT INTO bot.v_restriction_type_spec_ref (FK_BOT_NAME, FK_TYP_NAME, FK_REF_SEQUENCE, FK_REF_BOT_NAME, FK_REF_TYP_NAME, INCLUDE_OR_EXCLUDE, XF_TSP_TYP_NAME, XF_TSP_TSG_CODE, XK_TSP_CODE)
	VALUES ('BUSINESS_OBJECT_TYPE', 'SERVICE_ARGUMENT', 0, 'INFORMATION_TYPE', '', 'IN', 'SERVICE_ARGUMENT', 'SVA_TYPE', 'OPT');

INSERT INTO bot.v_reference (CUBE_SEQUENCE, FK_BOT_NAME, FK_TYP_NAME, NAME, PRIMARY_KEY, CODE_DISPLAY_KEY, SEQUENCE, SCOPE, UNCHANGEABLE, WITHIN_SCOPE_EXTENSION, CUBE_TSG_INT_EXT, TYPE_PREFIX, XK_BOT_NAME, XK_TYP_NAME, XK_TYP_NAME_1)
	VALUES (2, 'BUSINESS_OBJECT_TYPE', 'SERVICE_ARGUMENT', 'CONCERNS', 'Y', 'Y', 0, 'PR1', 'N', ' ', 'INT', 'Y', '', 'ATTRIBUTE', 'TYPE');

INSERT INTO bot.v_restriction_type_spec_ref (FK_BOT_NAME, FK_TYP_NAME, FK_REF_SEQUENCE, FK_REF_BOT_NAME, FK_REF_TYP_NAME, INCLUDE_OR_EXCLUDE, XF_TSP_TYP_NAME, XF_TSP_TSG_CODE, XK_TSP_CODE)
	VALUES ('BUSINESS_OBJECT_TYPE', 'SERVICE_ARGUMENT', 0, '', 'ATTRIBUTE', 'IN', 'SERVICE_ARGUMENT', 'SVA_TYPE', 'ATB');

INSERT INTO bot.v_reference (CUBE_SEQUENCE, FK_BOT_NAME, FK_TYP_NAME, NAME, PRIMARY_KEY, CODE_DISPLAY_KEY, SEQUENCE, SCOPE, UNCHANGEABLE, WITHIN_SCOPE_EXTENSION, CUBE_TSG_INT_EXT, TYPE_PREFIX, XK_BOT_NAME, XK_TYP_NAME, XK_TYP_NAME_1)
	VALUES (3, 'BUSINESS_OBJECT_TYPE', 'SERVICE_ARGUMENT', 'CONCERNS', 'N', 'N', 0, 'PR1', 'N', ' ', 'INT', 'Y', '', 'REFERENCE', 'TYPE');

INSERT INTO bot.v_restriction_type_spec_ref (FK_BOT_NAME, FK_TYP_NAME, FK_REF_SEQUENCE, FK_REF_BOT_NAME, FK_REF_TYP_NAME, INCLUDE_OR_EXCLUDE, XF_TSP_TYP_NAME, XF_TSP_TSG_CODE, XK_TSP_CODE)
	VALUES ('BUSINESS_OBJECT_TYPE', 'SERVICE_ARGUMENT', 0, '', 'REFERENCE', 'IN', 'SERVICE_ARGUMENT', 'SVA_TYPE', 'REF');

INSERT INTO bot.v_type (CUBE_SEQUENCE, FK_BOT_NAME, FK_TYP_NAME, NAME, CODE, FLAG_PARTIAL_KEY, FLAG_RECURSIVE, RECURSIVE_CARDINALITY, CARDINALITY, SORT_ORDER, ICON, TRANSFERABLE)
	VALUES (5, 'BUSINESS_OBJECT_TYPE', 'TYPE', 'RESTRICTION_TYPE_SPEC_TYP', 'RTT', 'Y', 'N', ' ', 'N', 'K', 'RESTRICT', 'Y');

INSERT INTO bot.v_attribute (CUBE_SEQUENCE, FK_BOT_NAME, FK_TYP_NAME, NAME, PRIMARY_KEY, CODE_DISPLAY_KEY, CODE_FOREIGN_KEY, FLAG_HIDDEN, DEFAULT_VALUE, UNCHANGEABLE, XK_ITP_NAME)
	VALUES (1, 'BUSINESS_OBJECT_TYPE', 'RESTRICTION_TYPE_SPEC_TYP', 'INCLUDE_OR_EXCLUDE', 'N', 'N', 'N', 'N', '', 'N', 'INCLUDE_OR_EXCLUDE');

INSERT INTO bot.v_description_attribute (FK_BOT_NAME, FK_TYP_NAME, FK_ATB_NAME, TEXT)
	VALUES ('BUSINESS_OBJECT_TYPE', 'RESTRICTION_TYPE_SPEC_TYP', 'INCLUDE_OR_EXCLUDE', 'Indication that the child type is valid (included) or invalid (excluded) for the concerning type specialisation.');

INSERT INTO bot.v_reference (CUBE_SEQUENCE, FK_BOT_NAME, FK_TYP_NAME, NAME, PRIMARY_KEY, CODE_DISPLAY_KEY, SEQUENCE, SCOPE, UNCHANGEABLE, WITHIN_SCOPE_EXTENSION, CUBE_TSG_INT_EXT, TYPE_PREFIX, XK_BOT_NAME, XK_TYP_NAME, XK_TYP_NAME_1)
	VALUES (1, 'BUSINESS_OBJECT_TYPE', 'RESTRICTION_TYPE_SPEC_TYP', 'IS_VALID_FOR', 'Y', 'Y', 0, 'ALL', 'N', 'PAR', 'INT', 'N', '', 'TYPE_SPECIALISATION', 'TYPE');

INSERT INTO bot.v_type (CUBE_SEQUENCE, FK_BOT_NAME, FK_TYP_NAME, NAME, CODE, FLAG_PARTIAL_KEY, FLAG_RECURSIVE, RECURSIVE_CARDINALITY, CARDINALITY, SORT_ORDER, ICON, TRANSFERABLE)
	VALUES (6, 'BUSINESS_OBJECT_TYPE', 'TYPE', 'JSON_PATH', 'JSN', 'Y', 'Y', 'N', '1', 'P', 'BRACES', 'Y');

INSERT INTO bot.v_type_specialisation_group (CUBE_SEQUENCE, FK_BOT_NAME, FK_TYP_NAME, FK_TSG_CODE, CODE, NAME, PRIMARY_KEY, XF_ATB_TYP_NAME, XK_ATB_NAME)
	VALUES (1, 'BUSINESS_OBJECT_TYPE', 'JSON_PATH', NULL, 'OBJ_ARR', 'OBJECT_OR_ARRAY', 'N', '', '');

INSERT INTO bot.v_type_specialisation (CUBE_SEQUENCE, FK_BOT_NAME, FK_TYP_NAME, FK_TSG_CODE, CODE, NAME, XF_TSP_TYP_NAME, XF_TSP_TSG_CODE, XK_TSP_CODE)
	VALUES (1, 'BUSINESS_OBJECT_TYPE', 'JSON_PATH', 'OBJ_ARR', 'OBJ', 'OBJECT', '', '', '');

INSERT INTO bot.v_type_specialisation (CUBE_SEQUENCE, FK_BOT_NAME, FK_TYP_NAME, FK_TSG_CODE, CODE, NAME, XF_TSP_TYP_NAME, XF_TSP_TSG_CODE, XK_TSP_CODE)
	VALUES (2, 'BUSINESS_OBJECT_TYPE', 'JSON_PATH', 'OBJ_ARR', 'ARR', 'ARRAY', '', '', '');

INSERT INTO bot.v_type_specialisation_group (CUBE_SEQUENCE, FK_BOT_NAME, FK_TYP_NAME, FK_TSG_CODE, CODE, NAME, PRIMARY_KEY, XF_ATB_TYP_NAME, XK_ATB_NAME)
	VALUES (2, 'BUSINESS_OBJECT_TYPE', 'JSON_PATH', NULL, 'TYPE', 'TYPE', 'N', '', '');

INSERT INTO bot.v_type_specialisation (CUBE_SEQUENCE, FK_BOT_NAME, FK_TYP_NAME, FK_TSG_CODE, CODE, NAME, XF_TSP_TYP_NAME, XF_TSP_TSG_CODE, XK_TSP_CODE)
	VALUES (1, 'BUSINESS_OBJECT_TYPE', 'JSON_PATH', 'TYPE', 'GRP', 'GROUP', '', '', '');

INSERT INTO bot.v_type_specialisation (CUBE_SEQUENCE, FK_BOT_NAME, FK_TYP_NAME, FK_TSG_CODE, CODE, NAME, XF_TSP_TYP_NAME, XF_TSP_TSG_CODE, XK_TSP_CODE)
	VALUES (2, 'BUSINESS_OBJECT_TYPE', 'JSON_PATH', 'TYPE', 'ATRIBREF', 'ATTRIBUTE_REFERENCE', '', '', '');

INSERT INTO bot.v_type_specialisation (CUBE_SEQUENCE, FK_BOT_NAME, FK_TYP_NAME, FK_TSG_CODE, CODE, NAME, XF_TSP_TYP_NAME, XF_TSP_TSG_CODE, XK_TSP_CODE)
	VALUES (3, 'BUSINESS_OBJECT_TYPE', 'JSON_PATH', 'TYPE', 'TYPEREF', 'TYPE_REFERENCE', '', '', '');

INSERT INTO bot.v_attribute (CUBE_SEQUENCE, FK_BOT_NAME, FK_TYP_NAME, NAME, PRIMARY_KEY, CODE_DISPLAY_KEY, CODE_FOREIGN_KEY, FLAG_HIDDEN, DEFAULT_VALUE, UNCHANGEABLE, XK_ITP_NAME)
	VALUES (1, 'BUSINESS_OBJECT_TYPE', 'JSON_PATH', 'NAME', 'Y', 'Y', 'N', 'N', '', 'N', 'TEXT32');

INSERT INTO bot.v_description_attribute (FK_BOT_NAME, FK_TYP_NAME, FK_ATB_NAME, TEXT)
	VALUES ('BUSINESS_OBJECT_TYPE', 'JSON_PATH', 'NAME', 'The tag of the object.');

INSERT INTO bot.v_restriction_type_spec_atb (FK_BOT_NAME, FK_TYP_NAME, FK_ATB_NAME, INCLUDE_OR_EXCLUDE, XF_TSP_TYP_NAME, XF_TSP_TSG_CODE, XK_TSP_CODE)
	VALUES ('BUSINESS_OBJECT_TYPE', 'JSON_PATH', 'NAME', 'IN', 'JSON_PATH', 'OBJ_ARR', 'OBJ');

INSERT INTO bot.v_attribute (CUBE_SEQUENCE, FK_BOT_NAME, FK_TYP_NAME, NAME, PRIMARY_KEY, CODE_DISPLAY_KEY, CODE_FOREIGN_KEY, FLAG_HIDDEN, DEFAULT_VALUE, UNCHANGEABLE, XK_ITP_NAME)
	VALUES (2, 'BUSINESS_OBJECT_TYPE', 'JSON_PATH', 'LOCATION', 'Y', 'Y', 'N', 'N', '', 'N', 'INTEGER');

INSERT INTO bot.v_description_attribute (FK_BOT_NAME, FK_TYP_NAME, FK_ATB_NAME, TEXT)
	VALUES ('BUSINESS_OBJECT_TYPE', 'JSON_PATH', 'LOCATION', 'The index of the array. The first item is 0.');

INSERT INTO bot.v_restriction_type_spec_atb (FK_BOT_NAME, FK_TYP_NAME, FK_ATB_NAME, INCLUDE_OR_EXCLUDE, XF_TSP_TYP_NAME, XF_TSP_TSG_CODE, XK_TSP_CODE)
	VALUES ('BUSINESS_OBJECT_TYPE', 'JSON_PATH', 'LOCATION', 'IN', 'JSON_PATH', 'OBJ_ARR', 'ARR');

INSERT INTO bot.v_reference (CUBE_SEQUENCE, FK_BOT_NAME, FK_TYP_NAME, NAME, PRIMARY_KEY, CODE_DISPLAY_KEY, SEQUENCE, SCOPE, UNCHANGEABLE, WITHIN_SCOPE_EXTENSION, CUBE_TSG_INT_EXT, TYPE_PREFIX, XK_BOT_NAME, XK_TYP_NAME, XK_TYP_NAME_1)
	VALUES (1, 'BUSINESS_OBJECT_TYPE', 'JSON_PATH', 'CONCERNS', 'Y', 'N', 0, 'ALL', 'N', '', 'INT', 'N', '', 'ATTRIBUTE', 'TYPE');

INSERT INTO bot.v_restriction_type_spec_ref (FK_BOT_NAME, FK_TYP_NAME, FK_REF_SEQUENCE, FK_REF_BOT_NAME, FK_REF_TYP_NAME, INCLUDE_OR_EXCLUDE, XF_TSP_TYP_NAME, XF_TSP_TSG_CODE, XK_TSP_CODE)
	VALUES ('BUSINESS_OBJECT_TYPE', 'JSON_PATH', 0, '', 'ATTRIBUTE', 'IN', 'JSON_PATH', 'TYPE', 'ATRIBREF');

INSERT INTO bot.v_reference (CUBE_SEQUENCE, FK_BOT_NAME, FK_TYP_NAME, NAME, PRIMARY_KEY, CODE_DISPLAY_KEY, SEQUENCE, SCOPE, UNCHANGEABLE, WITHIN_SCOPE_EXTENSION, CUBE_TSG_INT_EXT, TYPE_PREFIX, XK_BOT_NAME, XK_TYP_NAME, XK_TYP_NAME_1)
	VALUES (2, 'BUSINESS_OBJECT_TYPE', 'JSON_PATH', 'CONCERNS', 'Y', 'N', 0, 'ALL', 'N', '', 'INT', 'N', '', 'TYPE', 'TYPE');

INSERT INTO bot.v_restriction_type_spec_ref (FK_BOT_NAME, FK_TYP_NAME, FK_REF_SEQUENCE, FK_REF_BOT_NAME, FK_REF_TYP_NAME, INCLUDE_OR_EXCLUDE, XF_TSP_TYP_NAME, XF_TSP_TSG_CODE, XK_TSP_CODE)
	VALUES ('BUSINESS_OBJECT_TYPE', 'JSON_PATH', 0, '', 'TYPE', 'IN', 'JSON_PATH', 'TYPE', 'TYPEREF');

INSERT INTO bot.v_type (CUBE_SEQUENCE, FK_BOT_NAME, FK_TYP_NAME, NAME, CODE, FLAG_PARTIAL_KEY, FLAG_RECURSIVE, RECURSIVE_CARDINALITY, CARDINALITY, SORT_ORDER, ICON, TRANSFERABLE)
	VALUES (7, 'BUSINESS_OBJECT_TYPE', 'TYPE', 'DESCRIPTION_TYPE', 'DCT', 'Y', 'N', ' ', '1', 'N', 'DESC', 'Y');

INSERT INTO bot.v_attribute (CUBE_SEQUENCE, FK_BOT_NAME, FK_TYP_NAME, NAME, PRIMARY_KEY, CODE_DISPLAY_KEY, CODE_FOREIGN_KEY, FLAG_HIDDEN, DEFAULT_VALUE, UNCHANGEABLE, XK_ITP_NAME)
	VALUES (1, 'BUSINESS_OBJECT_TYPE', 'DESCRIPTION_TYPE', 'TEXT', 'N', 'N', 'N', 'N', '', 'N', 'DESCRIPTION');

INSERT INTO bot.v_description_type (FK_BOT_NAME, FK_TYP_NAME, TEXT)
	VALUES ('BUSINESS_OBJECT_TYPE', 'DESCRIPTION_TYPE', 'Test'||CHR(13)||CHR(10)||'Met LF en " en ''  en %    %'||CHR(13)||CHR(10)||'EInde');

INSERT INTO bot.v_business_object_type (CUBE_SEQUENCE, NAME, CUBE_TSG_TYPE, DIRECTORY, API_URL)
	VALUES (3, 'SYSTEM', 'INT', 'Systems', 'SYS');

INSERT INTO bot.v_type (CUBE_SEQUENCE, FK_BOT_NAME, FK_TYP_NAME, NAME, CODE, FLAG_PARTIAL_KEY, FLAG_RECURSIVE, RECURSIVE_CARDINALITY, CARDINALITY, SORT_ORDER, ICON, TRANSFERABLE)
	VALUES (1, 'SYSTEM', NULL, 'SYSTEM', 'SYS', 'N', '', 'N', 'N', 'K', 'SYSTEM', 'Y');

INSERT INTO bot.v_type_specialisation_group (CUBE_SEQUENCE, FK_BOT_NAME, FK_TYP_NAME, FK_TSG_CODE, CODE, NAME, PRIMARY_KEY, XF_ATB_TYP_NAME, XK_ATB_NAME)
	VALUES (1, 'SYSTEM', 'SYSTEM', NULL, 'TYPE', 'TYPE', 'N', 'SYSTEM', 'NAME');

INSERT INTO bot.v_type_specialisation (CUBE_SEQUENCE, FK_BOT_NAME, FK_TYP_NAME, FK_TSG_CODE, CODE, NAME, XF_TSP_TYP_NAME, XF_TSP_TSG_CODE, XK_TSP_CODE)
	VALUES (1, 'SYSTEM', 'SYSTEM', 'TYPE', 'PRIMARY', 'PRIMARY_SYSTEM', '', '', '');

INSERT INTO bot.v_type_specialisation (CUBE_SEQUENCE, FK_BOT_NAME, FK_TYP_NAME, FK_TSG_CODE, CODE, NAME, XF_TSP_TYP_NAME, XF_TSP_TSG_CODE, XK_TSP_CODE)
	VALUES (2, 'SYSTEM', 'SYSTEM', 'TYPE', 'SUPPORT', 'SUPPORTING_SYSTEM', '', '', '');

INSERT INTO bot.v_attribute (CUBE_SEQUENCE, FK_BOT_NAME, FK_TYP_NAME, NAME, PRIMARY_KEY, CODE_DISPLAY_KEY, CODE_FOREIGN_KEY, FLAG_HIDDEN, DEFAULT_VALUE, UNCHANGEABLE, XK_ITP_NAME)
	VALUES (1, 'SYSTEM', 'SYSTEM', 'NAME', 'Y', 'Y', 'N', 'N', '', 'N', 'NAME');

INSERT INTO bot.v_attribute (CUBE_SEQUENCE, FK_BOT_NAME, FK_TYP_NAME, NAME, PRIMARY_KEY, CODE_DISPLAY_KEY, CODE_FOREIGN_KEY, FLAG_HIDDEN, DEFAULT_VALUE, UNCHANGEABLE, XK_ITP_NAME)
	VALUES (2, 'SYSTEM', 'SYSTEM', 'DATABASE', 'N', 'N', 'N', 'N', '', 'N', 'NAME');

INSERT INTO bot.v_description_attribute (FK_BOT_NAME, FK_TYP_NAME, FK_ATB_NAME, TEXT)
	VALUES ('SYSTEM', 'SYSTEM', 'DATABASE', 'The name of the database where the tables of the system will be implemented.');

INSERT INTO bot.v_restriction_type_spec_atb (FK_BOT_NAME, FK_TYP_NAME, FK_ATB_NAME, INCLUDE_OR_EXCLUDE, XF_TSP_TYP_NAME, XF_TSP_TSG_CODE, XK_TSP_CODE)
	VALUES ('SYSTEM', 'SYSTEM', 'DATABASE', 'IN', 'SYSTEM', 'TYPE', 'PRIMARY');

INSERT INTO bot.v_attribute (CUBE_SEQUENCE, FK_BOT_NAME, FK_TYP_NAME, NAME, PRIMARY_KEY, CODE_DISPLAY_KEY, CODE_FOREIGN_KEY, FLAG_HIDDEN, DEFAULT_VALUE, UNCHANGEABLE, XK_ITP_NAME)
	VALUES (3, 'SYSTEM', 'SYSTEM', 'SCHEMA', 'N', 'N', 'N', 'N', '', 'N', 'NAME');

INSERT INTO bot.v_restriction_type_spec_atb (FK_BOT_NAME, FK_TYP_NAME, FK_ATB_NAME, INCLUDE_OR_EXCLUDE, XF_TSP_TYP_NAME, XF_TSP_TSG_CODE, XK_TSP_CODE)
	VALUES ('SYSTEM', 'SYSTEM', 'SCHEMA', 'IN', 'SYSTEM', 'TYPE', 'PRIMARY');

INSERT INTO bot.v_attribute (CUBE_SEQUENCE, FK_BOT_NAME, FK_TYP_NAME, NAME, PRIMARY_KEY, CODE_DISPLAY_KEY, CODE_FOREIGN_KEY, FLAG_HIDDEN, DEFAULT_VALUE, UNCHANGEABLE, XK_ITP_NAME)
	VALUES (4, 'SYSTEM', 'SYSTEM', 'PASSWORD', 'N', 'N', 'N', 'N', '', 'N', 'PASSWORD');

INSERT INTO bot.v_restriction_type_spec_atb (FK_BOT_NAME, FK_TYP_NAME, FK_ATB_NAME, INCLUDE_OR_EXCLUDE, XF_TSP_TYP_NAME, XF_TSP_TSG_CODE, XK_TSP_CODE)
	VALUES ('SYSTEM', 'SYSTEM', 'PASSWORD', 'IN', 'SYSTEM', 'TYPE', 'PRIMARY');

INSERT INTO bot.v_attribute (CUBE_SEQUENCE, FK_BOT_NAME, FK_TYP_NAME, NAME, PRIMARY_KEY, CODE_DISPLAY_KEY, CODE_FOREIGN_KEY, FLAG_HIDDEN, DEFAULT_VALUE, UNCHANGEABLE, XK_ITP_NAME)
	VALUES (5, 'SYSTEM', 'SYSTEM', 'TABLE_PREFIX', 'N', 'N', 'N', 'N', '', 'N', 'PREFIX');

INSERT INTO bot.v_restriction_type_spec_atb (FK_BOT_NAME, FK_TYP_NAME, FK_ATB_NAME, INCLUDE_OR_EXCLUDE, XF_TSP_TYP_NAME, XF_TSP_TSG_CODE, XK_TSP_CODE)
	VALUES ('SYSTEM', 'SYSTEM', 'TABLE_PREFIX', 'IN', 'SYSTEM', 'TYPE', 'SUPPORT');

INSERT INTO bot.v_service (CUBE_SEQUENCE, FK_BOT_NAME, FK_TYP_NAME, NAME, CUBE_TSG_DB_SCR, CLASS, ACCESSIBILITY)
	VALUES (1, 'SYSTEM', 'SYSTEM', 'EXTRACT_MODEL', 'S', ' ', 'U');

INSERT INTO bot.v_service_step (CUBE_SEQUENCE, FK_BOT_NAME, FK_TYP_NAME, FK_SRV_NAME, FK_SRV_CUBE_TSG_DB_SCR, NAME, SCRIPT_NAME)
	VALUES (1, 'SYSTEM', 'SYSTEM', 'EXTRACT_MODEL', 'S', 'EXTRACT_MODEL', 'extract_model');

INSERT INTO bot.v_service_argument (CUBE_SEQUENCE, FK_BOT_NAME, FK_TYP_NAME, FK_SRV_NAME, FK_SRV_CUBE_TSG_DB_SCR, CUBE_TSG_SVA_TYPE, OPTION_NAME, INPUT_OR_OUTPUT, XK_ITP_NAME, XF_ATB_TYP_NAME, XK_ATB_NAME, XK_REF_BOT_NAME, XK_REF_TYP_NAME, XF_REF_TYP_NAME, XK_REF_SEQUENCE)
	VALUES (1, 'SYSTEM', 'SYSTEM', 'EXTRACT_MODEL', 'S', 'ATB', ' ', 'I', '', 'SYSTEM', 'NAME', '', '', '', );

INSERT INTO bot.v_service (CUBE_SEQUENCE, FK_BOT_NAME, FK_TYP_NAME, NAME, CUBE_TSG_DB_SCR, CLASS, ACCESSIBILITY)
	VALUES (2, 'SYSTEM', 'SYSTEM', 'GENERATE', 'S', ' ', 'U');

INSERT INTO bot.v_service_step (CUBE_SEQUENCE, FK_BOT_NAME, FK_TYP_NAME, FK_SRV_NAME, FK_SRV_CUBE_TSG_DB_SCR, NAME, SCRIPT_NAME)
	VALUES (1, 'SYSTEM', 'SYSTEM', 'GENERATE', 'S', 'GENERATE_MODELS', 'generate_models');

INSERT INTO bot.v_service_step (CUBE_SEQUENCE, FK_BOT_NAME, FK_TYP_NAME, FK_SRV_NAME, FK_SRV_CUBE_TSG_DB_SCR, NAME, SCRIPT_NAME)
	VALUES (2, 'SYSTEM', 'SYSTEM', 'GENERATE', 'S', 'GENERATE_SCRIPTS', 'generate_scripts');

INSERT INTO bot.v_service_step (CUBE_SEQUENCE, FK_BOT_NAME, FK_TYP_NAME, FK_SRV_NAME, FK_SRV_CUBE_TSG_DB_SCR, NAME, SCRIPT_NAME)
	VALUES (3, 'SYSTEM', 'SYSTEM', 'GENERATE', 'S', 'GENERATE_DATABASE_TABLES', 'generate_database_tables');

INSERT INTO bot.v_service_step (CUBE_SEQUENCE, FK_BOT_NAME, FK_TYP_NAME, FK_SRV_NAME, FK_SRV_CUBE_TSG_DB_SCR, NAME, SCRIPT_NAME)
	VALUES (4, 'SYSTEM', 'SYSTEM', 'GENERATE', 'S', 'GENERATE_DATABASE_VIEWS', 'generate_database_views');

INSERT INTO bot.v_service_step (CUBE_SEQUENCE, FK_BOT_NAME, FK_TYP_NAME, FK_SRV_NAME, FK_SRV_CUBE_TSG_DB_SCR, NAME, SCRIPT_NAME)
	VALUES (5, 'SYSTEM', 'SYSTEM', 'GENERATE', 'S', 'IMPORT_MODEL', 'import_model');

INSERT INTO bot.v_service_argument (CUBE_SEQUENCE, FK_BOT_NAME, FK_TYP_NAME, FK_SRV_NAME, FK_SRV_CUBE_TSG_DB_SCR, CUBE_TSG_SVA_TYPE, OPTION_NAME, INPUT_OR_OUTPUT, XK_ITP_NAME, XF_ATB_TYP_NAME, XK_ATB_NAME, XK_REF_BOT_NAME, XK_REF_TYP_NAME, XF_REF_TYP_NAME, XK_REF_SEQUENCE)
	VALUES (1, 'SYSTEM', 'SYSTEM', 'GENERATE', 'S', 'ATB', ' ', 'I', '', 'SYSTEM', 'NAME', '', '', '', );

INSERT INTO bot.v_type (CUBE_SEQUENCE, FK_BOT_NAME, FK_TYP_NAME, NAME, CODE, FLAG_PARTIAL_KEY, FLAG_RECURSIVE, RECURSIVE_CARDINALITY, CARDINALITY, SORT_ORDER, ICON, TRANSFERABLE)
	VALUES (1, 'SYSTEM', 'SYSTEM', 'SYSTEM_BO_TYPE', 'SBT', 'Y', 'N', '', 'N', 'P', 'SYSBOT', 'Y');

INSERT INTO bot.v_reference (CUBE_SEQUENCE, FK_BOT_NAME, FK_TYP_NAME, NAME, PRIMARY_KEY, CODE_DISPLAY_KEY, SEQUENCE, SCOPE, UNCHANGEABLE, WITHIN_SCOPE_EXTENSION, CUBE_TSG_INT_EXT, TYPE_PREFIX, XK_BOT_NAME, XK_TYP_NAME, XK_TYP_NAME_1)
	VALUES (1, 'SYSTEM', 'SYSTEM_BO_TYPE', 'HAS', 'Y', 'Y', 0, 'ALL', 'N', ' ', 'EXT', 'N', 'BUSINESS_OBJECT_TYPE', '', '');

INSERT INTO bot.v_business_object_type (CUBE_SEQUENCE, NAME, CUBE_TSG_TYPE, DIRECTORY, API_URL)
	VALUES (4, 'USER', 'INT', 'Users', '');

INSERT INTO bot.v_type (CUBE_SEQUENCE, FK_BOT_NAME, FK_TYP_NAME, NAME, CODE, FLAG_PARTIAL_KEY, FLAG_RECURSIVE, RECURSIVE_CARDINALITY, CARDINALITY, SORT_ORDER, ICON, TRANSFERABLE)
	VALUES (1, 'USER', NULL, 'USER', 'USR', 'Y', 'N', 'N', 'N', 'N', 'USER', 'Y');

INSERT INTO bot.v_attribute (CUBE_SEQUENCE, FK_BOT_NAME, FK_TYP_NAME, NAME, PRIMARY_KEY, CODE_DISPLAY_KEY, CODE_FOREIGN_KEY, FLAG_HIDDEN, DEFAULT_VALUE, UNCHANGEABLE, XK_ITP_NAME)
	VALUES (1, 'USER', 'USER', 'USERID', 'Y', 'Y', 'N', 'N', '', 'N', 'USERID');

INSERT INTO bot.v_attribute (CUBE_SEQUENCE, FK_BOT_NAME, FK_TYP_NAME, NAME, PRIMARY_KEY, CODE_DISPLAY_KEY, CODE_FOREIGN_KEY, FLAG_HIDDEN, DEFAULT_VALUE, UNCHANGEABLE, XK_ITP_NAME)
	VALUES (2, 'USER', 'USER', 'NAME', 'N', 'Y', 'N', 'N', '', 'N', 'PERSON_NAME_FULL');

INSERT INTO bot.v_attribute (CUBE_SEQUENCE, FK_BOT_NAME, FK_TYP_NAME, NAME, PRIMARY_KEY, CODE_DISPLAY_KEY, CODE_FOREIGN_KEY, FLAG_HIDDEN, DEFAULT_VALUE, UNCHANGEABLE, XK_ITP_NAME)
	VALUES (3, 'USER', 'USER', 'PASSWORD', 'N', 'N', 'N', 'N', '', 'N', 'PASSWORD');

INSERT INTO bot.v_service (CUBE_SEQUENCE, FK_BOT_NAME, FK_TYP_NAME, NAME, CUBE_TSG_DB_SCR, CLASS, ACCESSIBILITY)
	VALUES (1, 'USER', 'USER', 'CHECK_PASSWORD', 'D', 'SEL', 'E');

INSERT INTO bot.v_service_argument (CUBE_SEQUENCE, FK_BOT_NAME, FK_TYP_NAME, FK_SRV_NAME, FK_SRV_CUBE_TSG_DB_SCR, CUBE_TSG_SVA_TYPE, OPTION_NAME, INPUT_OR_OUTPUT, XK_ITP_NAME, XF_ATB_TYP_NAME, XK_ATB_NAME, XK_REF_BOT_NAME, XK_REF_TYP_NAME, XF_REF_TYP_NAME, XK_REF_SEQUENCE)
	VALUES (1, 'USER', 'USER', 'CHECK_PASSWORD', 'D', 'ATB', ' ', 'I', '', 'USER', 'USERID', '', '', '', );

INSERT INTO bot.v_service_argument (CUBE_SEQUENCE, FK_BOT_NAME, FK_TYP_NAME, FK_SRV_NAME, FK_SRV_CUBE_TSG_DB_SCR, CUBE_TSG_SVA_TYPE, OPTION_NAME, INPUT_OR_OUTPUT, XK_ITP_NAME, XF_ATB_TYP_NAME, XK_ATB_NAME, XK_REF_BOT_NAME, XK_REF_TYP_NAME, XF_REF_TYP_NAME, XK_REF_SEQUENCE)
	VALUES (2, 'USER', 'USER', 'CHECK_PASSWORD', 'D', 'ATB', ' ', 'I', '', 'USER', 'PASSWORD', '', '', '', );

INSERT INTO bot.v_business_object_type (CUBE_SEQUENCE, NAME, CUBE_TSG_TYPE, DIRECTORY, API_URL)
	VALUES (5, 'FUNCTION', 'INT', 'Functions', 'FUN');

INSERT INTO bot.v_type (CUBE_SEQUENCE, FK_BOT_NAME, FK_TYP_NAME, NAME, CODE, FLAG_PARTIAL_KEY, FLAG_RECURSIVE, RECURSIVE_CARDINALITY, CARDINALITY, SORT_ORDER, ICON, TRANSFERABLE)
	VALUES (1, 'FUNCTION', NULL, 'FUNCTION', 'FUN', 'N', 'N', ' ', '1', 'N', 'FUNCTION', 'Y');

INSERT INTO bot.v_attribute (CUBE_SEQUENCE, FK_BOT_NAME, FK_TYP_NAME, NAME, PRIMARY_KEY, CODE_DISPLAY_KEY, CODE_FOREIGN_KEY, FLAG_HIDDEN, DEFAULT_VALUE, UNCHANGEABLE, XK_ITP_NAME)
	VALUES (1, 'FUNCTION', 'FUNCTION', 'NAME', 'Y', 'Y', 'N', 'N', '', 'N', 'OBJECT_NAME');

INSERT INTO bot.v_type (CUBE_SEQUENCE, FK_BOT_NAME, FK_TYP_NAME, NAME, CODE, FLAG_PARTIAL_KEY, FLAG_RECURSIVE, RECURSIVE_CARDINALITY, CARDINALITY, SORT_ORDER, ICON, TRANSFERABLE)
	VALUES (1, 'FUNCTION', 'FUNCTION', 'ARGUMENT', 'ARG', 'Y', 'N', ' ', 'N', 'P', 'FUNCATB', 'Y');

INSERT INTO bot.v_attribute (CUBE_SEQUENCE, FK_BOT_NAME, FK_TYP_NAME, NAME, PRIMARY_KEY, CODE_DISPLAY_KEY, CODE_FOREIGN_KEY, FLAG_HIDDEN, DEFAULT_VALUE, UNCHANGEABLE, XK_ITP_NAME)
	VALUES (1, 'FUNCTION', 'ARGUMENT', 'NAME', 'Y', 'Y', 'N', 'N', '', 'N', 'OBJECT_NAME');

INSERT INTO bot.v_business_object_type (CUBE_SEQUENCE, NAME, CUBE_TSG_TYPE, DIRECTORY, API_URL)
	VALUES (6, 'DESCRIPTION', 'INT', 'Descriptions', 'DSC');

INSERT INTO bot.v_type (CUBE_SEQUENCE, FK_BOT_NAME, FK_TYP_NAME, NAME, CODE, FLAG_PARTIAL_KEY, FLAG_RECURSIVE, RECURSIVE_CARDINALITY, CARDINALITY, SORT_ORDER, ICON, TRANSFERABLE)
	VALUES (1, 'DESCRIPTION', NULL, 'DESCRIPTION', 'DSC', 'N', 'N', 'N', 'N', 'N', 'DESC', 'Y');

INSERT INTO bot.v_attribute (CUBE_SEQUENCE, FK_BOT_NAME, FK_TYP_NAME, NAME, PRIMARY_KEY, CODE_DISPLAY_KEY, CODE_FOREIGN_KEY, FLAG_HIDDEN, DEFAULT_VALUE, UNCHANGEABLE, XK_ITP_NAME)
	VALUES (1, 'DESCRIPTION', 'DESCRIPTION', 'TYPE_NAME', 'Y', 'Y', 'N', 'N', '', 'N', 'OBJECT_NAME');

INSERT INTO bot.v_attribute (CUBE_SEQUENCE, FK_BOT_NAME, FK_TYP_NAME, NAME, PRIMARY_KEY, CODE_DISPLAY_KEY, CODE_FOREIGN_KEY, FLAG_HIDDEN, DEFAULT_VALUE, UNCHANGEABLE, XK_ITP_NAME)
	VALUES (2, 'DESCRIPTION', 'DESCRIPTION', 'ATTRIBUTE_TYPE_NAME', 'Y', 'Y', 'N', 'N', '_', 'N', 'OBJECT_NAME');

INSERT INTO bot.v_attribute (CUBE_SEQUENCE, FK_BOT_NAME, FK_TYP_NAME, NAME, PRIMARY_KEY, CODE_DISPLAY_KEY, CODE_FOREIGN_KEY, FLAG_HIDDEN, DEFAULT_VALUE, UNCHANGEABLE, XK_ITP_NAME)
	VALUES (3, 'DESCRIPTION', 'DESCRIPTION', 'SEQUENCE', 'Y', 'Y', 'N', 'N', '-1', 'N', 'NUM1');

INSERT INTO bot.v_attribute (CUBE_SEQUENCE, FK_BOT_NAME, FK_TYP_NAME, NAME, PRIMARY_KEY, CODE_DISPLAY_KEY, CODE_FOREIGN_KEY, FLAG_HIDDEN, DEFAULT_VALUE, UNCHANGEABLE, XK_ITP_NAME)
	VALUES (4, 'DESCRIPTION', 'DESCRIPTION', 'VALUE', 'N', 'N', 'N', 'N', '', 'N', 'DESCRIPTION');

INSERT INTO bot.v_business_object_type (CUBE_SEQUENCE, NAME, CUBE_TSG_TYPE, DIRECTORY, API_URL)
	VALUES (7, 'CUBE_GEN_DOCUMENTATION', 'INT', 'CubeGen_documentation', 'CUB');

INSERT INTO bot.v_type (CUBE_SEQUENCE, FK_BOT_NAME, FK_TYP_NAME, NAME, CODE, FLAG_PARTIAL_KEY, FLAG_RECURSIVE, RECURSIVE_CARDINALITY, CARDINALITY, SORT_ORDER, ICON, TRANSFERABLE)
	VALUES (1, 'CUBE_GEN_DOCUMENTATION', NULL, 'CUBE_GEN_DOCUMENTATION', 'CUB', 'N', 'N', 'N', 'N', 'N', 'CUBEGEN', 'Y');

INSERT INTO bot.v_attribute (CUBE_SEQUENCE, FK_BOT_NAME, FK_TYP_NAME, NAME, PRIMARY_KEY, CODE_DISPLAY_KEY, CODE_FOREIGN_KEY, FLAG_HIDDEN, DEFAULT_VALUE, UNCHANGEABLE, XK_ITP_NAME)
	VALUES (1, 'CUBE_GEN_DOCUMENTATION', 'CUBE_GEN_DOCUMENTATION', 'NAME', 'Y', 'Y', 'N', 'N', '', 'N', 'NAME');

INSERT INTO bot.v_description_attribute (FK_BOT_NAME, FK_TYP_NAME, FK_ATB_NAME, TEXT)
	VALUES ('CUBE_GEN_DOCUMENTATION', 'CUBE_GEN_DOCUMENTATION', 'NAME', 'The name of the document.');

INSERT INTO bot.v_attribute (CUBE_SEQUENCE, FK_BOT_NAME, FK_TYP_NAME, NAME, PRIMARY_KEY, CODE_DISPLAY_KEY, CODE_FOREIGN_KEY, FLAG_HIDDEN, DEFAULT_VALUE, UNCHANGEABLE, XK_ITP_NAME)
	VALUES (2, 'CUBE_GEN_DOCUMENTATION', 'CUBE_GEN_DOCUMENTATION', 'DESCRIPTION', 'N', 'N', 'N', 'N', '', 'N', 'DESCRIPTION');

INSERT INTO bot.v_attribute (CUBE_SEQUENCE, FK_BOT_NAME, FK_TYP_NAME, NAME, PRIMARY_KEY, CODE_DISPLAY_KEY, CODE_FOREIGN_KEY, FLAG_HIDDEN, DEFAULT_VALUE, UNCHANGEABLE, XK_ITP_NAME)
	VALUES (3, 'CUBE_GEN_DOCUMENTATION', 'CUBE_GEN_DOCUMENTATION', 'DESCRIPTION_FUNCTIONS', 'N', 'N', 'N', 'N', '', 'N', 'DESCRIPTION');

INSERT INTO bot.v_description_attribute (FK_BOT_NAME, FK_TYP_NAME, FK_ATB_NAME, TEXT)
	VALUES ('CUBE_GEN_DOCUMENTATION', 'CUBE_GEN_DOCUMENTATION', 'DESCRIPTION_FUNCTIONS', 'Description for Template Function chapter.');

INSERT INTO bot.v_attribute (CUBE_SEQUENCE, FK_BOT_NAME, FK_TYP_NAME, NAME, PRIMARY_KEY, CODE_DISPLAY_KEY, CODE_FOREIGN_KEY, FLAG_HIDDEN, DEFAULT_VALUE, UNCHANGEABLE, XK_ITP_NAME)
	VALUES (4, 'CUBE_GEN_DOCUMENTATION', 'CUBE_GEN_DOCUMENTATION', 'DESCRIPTION_LOGICAL_EXPRESSION', 'N', 'N', 'N', 'N', '', 'N', 'DESCRIPTION');

INSERT INTO bot.v_description_attribute (FK_BOT_NAME, FK_TYP_NAME, FK_ATB_NAME, TEXT)
	VALUES ('CUBE_GEN_DOCUMENTATION', 'CUBE_GEN_DOCUMENTATION', 'DESCRIPTION_LOGICAL_EXPRESSION', 'Description for Template Logical Functions chapter.');

INSERT INTO bot.v_description_type (FK_BOT_NAME, FK_TYP_NAME, TEXT)
	VALUES ('CUBE_GEN_DOCUMENTATION', 'CUBE_GEN_DOCUMENTATION', 'A document to give an explanation of CubeGen based on examples.');

INSERT INTO bot.v_type (CUBE_SEQUENCE, FK_BOT_NAME, FK_TYP_NAME, NAME, CODE, FLAG_PARTIAL_KEY, FLAG_RECURSIVE, RECURSIVE_CARDINALITY, CARDINALITY, SORT_ORDER, ICON, TRANSFERABLE)
	VALUES (1, 'CUBE_GEN_DOCUMENTATION', 'CUBE_GEN_DOCUMENTATION', 'CUBE_GEN_PARAGRAPH', 'CGP', 'Y', 'N', 'N', 'N', 'P', 'DESC', 'Y');

INSERT INTO bot.v_attribute (CUBE_SEQUENCE, FK_BOT_NAME, FK_TYP_NAME, NAME, PRIMARY_KEY, CODE_DISPLAY_KEY, CODE_FOREIGN_KEY, FLAG_HIDDEN, DEFAULT_VALUE, UNCHANGEABLE, XK_ITP_NAME)
	VALUES (1, 'CUBE_GEN_DOCUMENTATION', 'CUBE_GEN_PARAGRAPH', 'ID', 'Y', 'N', 'N', 'N', '', 'N', 'CODE');

INSERT INTO bot.v_description_attribute (FK_BOT_NAME, FK_TYP_NAME, FK_ATB_NAME, TEXT)
	VALUES ('CUBE_GEN_DOCUMENTATION', 'CUBE_GEN_PARAGRAPH', 'ID', 'Technical identifier.');

INSERT INTO bot.v_attribute (CUBE_SEQUENCE, FK_BOT_NAME, FK_TYP_NAME, NAME, PRIMARY_KEY, CODE_DISPLAY_KEY, CODE_FOREIGN_KEY, FLAG_HIDDEN, DEFAULT_VALUE, UNCHANGEABLE, XK_ITP_NAME)
	VALUES (2, 'CUBE_GEN_DOCUMENTATION', 'CUBE_GEN_PARAGRAPH', 'HEADER', 'N', 'Y', 'N', 'N', '', 'N', 'HEADER');

INSERT INTO bot.v_description_attribute (FK_BOT_NAME, FK_TYP_NAME, FK_ATB_NAME, TEXT)
	VALUES ('CUBE_GEN_DOCUMENTATION', 'CUBE_GEN_PARAGRAPH', 'HEADER', 'Text used as header and used in the index.');

INSERT INTO bot.v_attribute (CUBE_SEQUENCE, FK_BOT_NAME, FK_TYP_NAME, NAME, PRIMARY_KEY, CODE_DISPLAY_KEY, CODE_FOREIGN_KEY, FLAG_HIDDEN, DEFAULT_VALUE, UNCHANGEABLE, XK_ITP_NAME)
	VALUES (3, 'CUBE_GEN_DOCUMENTATION', 'CUBE_GEN_PARAGRAPH', 'DESCRIPTION', 'N', 'N', 'N', 'N', '', 'N', 'DESCRIPTION');

INSERT INTO bot.v_attribute (CUBE_SEQUENCE, FK_BOT_NAME, FK_TYP_NAME, NAME, PRIMARY_KEY, CODE_DISPLAY_KEY, CODE_FOREIGN_KEY, FLAG_HIDDEN, DEFAULT_VALUE, UNCHANGEABLE, XK_ITP_NAME)
	VALUES (4, 'CUBE_GEN_DOCUMENTATION', 'CUBE_GEN_PARAGRAPH', 'EXAMPLE', 'N', 'N', 'N', 'N', '#', 'N', 'CODING');

INSERT INTO bot.v_description_attribute (FK_BOT_NAME, FK_TYP_NAME, FK_ATB_NAME, TEXT)
	VALUES ('CUBE_GEN_DOCUMENTATION', 'CUBE_GEN_PARAGRAPH', 'EXAMPLE', 'An example to explain the paragraph. No example is indicated by a ''#''.');

INSERT INTO bot.v_type (CUBE_SEQUENCE, FK_BOT_NAME, FK_TYP_NAME, NAME, CODE, FLAG_PARTIAL_KEY, FLAG_RECURSIVE, RECURSIVE_CARDINALITY, CARDINALITY, SORT_ORDER, ICON, TRANSFERABLE)
	VALUES (2, 'CUBE_GEN_DOCUMENTATION', 'CUBE_GEN_DOCUMENTATION', 'CUBE_GEN_EXAMPLE_MODEL', 'CGM', 'Y', 'N', 'N', 'N', 'P', 'MODEL', 'Y');

INSERT INTO bot.v_attribute (CUBE_SEQUENCE, FK_BOT_NAME, FK_TYP_NAME, NAME, PRIMARY_KEY, CODE_DISPLAY_KEY, CODE_FOREIGN_KEY, FLAG_HIDDEN, DEFAULT_VALUE, UNCHANGEABLE, XK_ITP_NAME)
	VALUES (1, 'CUBE_GEN_DOCUMENTATION', 'CUBE_GEN_EXAMPLE_MODEL', 'ID', 'Y', 'N', 'N', 'N', '', 'N', 'CODE');

INSERT INTO bot.v_description_attribute (FK_BOT_NAME, FK_TYP_NAME, FK_ATB_NAME, TEXT)
	VALUES ('CUBE_GEN_DOCUMENTATION', 'CUBE_GEN_EXAMPLE_MODEL', 'ID', 'Technical identifier.');

INSERT INTO bot.v_attribute (CUBE_SEQUENCE, FK_BOT_NAME, FK_TYP_NAME, NAME, PRIMARY_KEY, CODE_DISPLAY_KEY, CODE_FOREIGN_KEY, FLAG_HIDDEN, DEFAULT_VALUE, UNCHANGEABLE, XK_ITP_NAME)
	VALUES (2, 'CUBE_GEN_DOCUMENTATION', 'CUBE_GEN_EXAMPLE_MODEL', 'HEADER', 'N', 'Y', 'N', 'N', '', 'N', 'HEADER');

INSERT INTO bot.v_description_attribute (FK_BOT_NAME, FK_TYP_NAME, FK_ATB_NAME, TEXT)
	VALUES ('CUBE_GEN_DOCUMENTATION', 'CUBE_GEN_EXAMPLE_MODEL', 'HEADER', 'Text used as header and used in the index.');

INSERT INTO bot.v_attribute (CUBE_SEQUENCE, FK_BOT_NAME, FK_TYP_NAME, NAME, PRIMARY_KEY, CODE_DISPLAY_KEY, CODE_FOREIGN_KEY, FLAG_HIDDEN, DEFAULT_VALUE, UNCHANGEABLE, XK_ITP_NAME)
	VALUES (3, 'CUBE_GEN_DOCUMENTATION', 'CUBE_GEN_EXAMPLE_MODEL', 'INCLUDED_OBJECT_NAMES', 'N', 'N', 'N', 'N', '', 'N', 'OBJECT_LIST');

INSERT INTO bot.v_description_attribute (FK_BOT_NAME, FK_TYP_NAME, FK_ATB_NAME, TEXT)
	VALUES ('CUBE_GEN_DOCUMENTATION', 'CUBE_GEN_EXAMPLE_MODEL', 'INCLUDED_OBJECT_NAMES', 'The names of types that are included in the view of the business object model.');

INSERT INTO bot.v_attribute (CUBE_SEQUENCE, FK_BOT_NAME, FK_TYP_NAME, NAME, PRIMARY_KEY, CODE_DISPLAY_KEY, CODE_FOREIGN_KEY, FLAG_HIDDEN, DEFAULT_VALUE, UNCHANGEABLE, XK_ITP_NAME)
	VALUES (4, 'CUBE_GEN_DOCUMENTATION', 'CUBE_GEN_EXAMPLE_MODEL', 'DESCRIPTION', 'N', 'N', 'N', 'N', '', 'N', 'DESCRIPTION');

INSERT INTO bot.v_description_type (FK_BOT_NAME, FK_TYP_NAME, TEXT)
	VALUES ('CUBE_GEN_DOCUMENTATION', 'CUBE_GEN_EXAMPLE_MODEL', 'A view on the business object model with examples of functions based on the business object model.');

INSERT INTO bot.v_type (CUBE_SEQUENCE, FK_BOT_NAME, FK_TYP_NAME, NAME, CODE, FLAG_PARTIAL_KEY, FLAG_RECURSIVE, RECURSIVE_CARDINALITY, CARDINALITY, SORT_ORDER, ICON, TRANSFERABLE)
	VALUES (1, 'CUBE_GEN_DOCUMENTATION', 'CUBE_GEN_EXAMPLE_MODEL', 'CUBE_GEN_EXAMPLE_OBJECT', 'CGO', 'Y', 'N', 'N', 'N', 'P', 'BOTYPE', 'Y');

INSERT INTO bot.v_reference (CUBE_SEQUENCE, FK_BOT_NAME, FK_TYP_NAME, NAME, PRIMARY_KEY, CODE_DISPLAY_KEY, SEQUENCE, SCOPE, UNCHANGEABLE, WITHIN_SCOPE_EXTENSION, CUBE_TSG_INT_EXT, TYPE_PREFIX, XK_BOT_NAME, XK_TYP_NAME, XK_TYP_NAME_1)
	VALUES (1, 'CUBE_GEN_DOCUMENTATION', 'CUBE_GEN_EXAMPLE_OBJECT', 'USES_AS_EXAMPLE', 'Y', 'Y', 0, 'ALL', 'N', ' ', 'EXT', 'N', 'BUSINESS_OBJECT_TYPE', '', '');

INSERT INTO bot.v_description_type (FK_BOT_NAME, FK_TYP_NAME, TEXT)
	VALUES ('CUBE_GEN_DOCUMENTATION', 'CUBE_GEN_EXAMPLE_OBJECT', 'A reference to a business object that is used in the examples.');

INSERT INTO bot.v_type (CUBE_SEQUENCE, FK_BOT_NAME, FK_TYP_NAME, NAME, CODE, FLAG_PARTIAL_KEY, FLAG_RECURSIVE, RECURSIVE_CARDINALITY, CARDINALITY, SORT_ORDER, ICON, TRANSFERABLE)
	VALUES (2, 'CUBE_GEN_DOCUMENTATION', 'CUBE_GEN_EXAMPLE_MODEL', 'CUBE_GEN_FUNCTION', 'CGF', 'N', 'N', 'N', 'N', 'P', 'TEMPLATE', 'Y');

INSERT INTO bot.v_attribute (CUBE_SEQUENCE, FK_BOT_NAME, FK_TYP_NAME, NAME, PRIMARY_KEY, CODE_DISPLAY_KEY, CODE_FOREIGN_KEY, FLAG_HIDDEN, DEFAULT_VALUE, UNCHANGEABLE, XK_ITP_NAME)
	VALUES (1, 'CUBE_GEN_DOCUMENTATION', 'CUBE_GEN_FUNCTION', 'ID', 'Y', 'N', 'N', 'N', '', 'N', 'CODE');

INSERT INTO bot.v_description_attribute (FK_BOT_NAME, FK_TYP_NAME, FK_ATB_NAME, TEXT)
	VALUES ('CUBE_GEN_DOCUMENTATION', 'CUBE_GEN_FUNCTION', 'ID', 'Technical identifier.');

INSERT INTO bot.v_attribute (CUBE_SEQUENCE, FK_BOT_NAME, FK_TYP_NAME, NAME, PRIMARY_KEY, CODE_DISPLAY_KEY, CODE_FOREIGN_KEY, FLAG_HIDDEN, DEFAULT_VALUE, UNCHANGEABLE, XK_ITP_NAME)
	VALUES (2, 'CUBE_GEN_DOCUMENTATION', 'CUBE_GEN_FUNCTION', 'HEADER', 'N', 'Y', 'N', 'N', '', 'N', 'HEADER');

INSERT INTO bot.v_description_attribute (FK_BOT_NAME, FK_TYP_NAME, FK_ATB_NAME, TEXT)
	VALUES ('CUBE_GEN_DOCUMENTATION', 'CUBE_GEN_FUNCTION', 'HEADER', 'Text used as header and used in the index.');

INSERT INTO bot.v_attribute (CUBE_SEQUENCE, FK_BOT_NAME, FK_TYP_NAME, NAME, PRIMARY_KEY, CODE_DISPLAY_KEY, CODE_FOREIGN_KEY, FLAG_HIDDEN, DEFAULT_VALUE, UNCHANGEABLE, XK_ITP_NAME)
	VALUES (3, 'CUBE_GEN_DOCUMENTATION', 'CUBE_GEN_FUNCTION', 'DESCRIPTION', 'N', 'N', 'N', 'N', '', 'N', 'DESCRIPTION');

INSERT INTO bot.v_attribute (CUBE_SEQUENCE, FK_BOT_NAME, FK_TYP_NAME, NAME, PRIMARY_KEY, CODE_DISPLAY_KEY, CODE_FOREIGN_KEY, FLAG_HIDDEN, DEFAULT_VALUE, UNCHANGEABLE, XK_ITP_NAME)
	VALUES (4, 'CUBE_GEN_DOCUMENTATION', 'CUBE_GEN_FUNCTION', 'TEMPLATE', 'N', 'N', 'N', 'N', '', 'N', 'CODING');

INSERT INTO bot.v_description_attribute (FK_BOT_NAME, FK_TYP_NAME, FK_ATB_NAME, TEXT)
	VALUES ('CUBE_GEN_DOCUMENTATION', 'CUBE_GEN_FUNCTION', 'TEMPLATE', 'CubeGen template used as example.');

INSERT INTO bot.v_description_type (FK_BOT_NAME, FK_TYP_NAME, TEXT)
	VALUES ('CUBE_GEN_DOCUMENTATION', 'CUBE_GEN_FUNCTION', 'A CubeGen function that has been explained with a template.');

INSERT INTO bot.v_type (CUBE_SEQUENCE, FK_BOT_NAME, FK_TYP_NAME, NAME, CODE, FLAG_PARTIAL_KEY, FLAG_RECURSIVE, RECURSIVE_CARDINALITY, CARDINALITY, SORT_ORDER, ICON, TRANSFERABLE)
	VALUES (3, 'CUBE_GEN_DOCUMENTATION', 'CUBE_GEN_DOCUMENTATION', 'CUBE_GEN_TEMPLATE_FUNCTION', 'CTF', 'Y', 'N', 'N', 'N', 'K', 'FUNCTION', 'Y');

INSERT INTO bot.v_attribute (CUBE_SEQUENCE, FK_BOT_NAME, FK_TYP_NAME, NAME, PRIMARY_KEY, CODE_DISPLAY_KEY, CODE_FOREIGN_KEY, FLAG_HIDDEN, DEFAULT_VALUE, UNCHANGEABLE, XK_ITP_NAME)
	VALUES (1, 'CUBE_GEN_DOCUMENTATION', 'CUBE_GEN_TEMPLATE_FUNCTION', 'NAME', 'Y', 'Y', 'N', 'N', '', 'N', 'NAME');

INSERT INTO bot.v_attribute (CUBE_SEQUENCE, FK_BOT_NAME, FK_TYP_NAME, NAME, PRIMARY_KEY, CODE_DISPLAY_KEY, CODE_FOREIGN_KEY, FLAG_HIDDEN, DEFAULT_VALUE, UNCHANGEABLE, XK_ITP_NAME)
	VALUES (2, 'CUBE_GEN_DOCUMENTATION', 'CUBE_GEN_TEMPLATE_FUNCTION', 'INDICATION_LOGICAL', 'Y', 'Y', 'N', 'N', '', 'N', 'FLAG');

INSERT INTO bot.v_description_attribute (FK_BOT_NAME, FK_TYP_NAME, FK_ATB_NAME, TEXT)
	VALUES ('CUBE_GEN_DOCUMENTATION', 'CUBE_GEN_TEMPLATE_FUNCTION', 'INDICATION_LOGICAL', 'Indication that the function is a locical expression used in a condition.');

INSERT INTO bot.v_attribute (CUBE_SEQUENCE, FK_BOT_NAME, FK_TYP_NAME, NAME, PRIMARY_KEY, CODE_DISPLAY_KEY, CODE_FOREIGN_KEY, FLAG_HIDDEN, DEFAULT_VALUE, UNCHANGEABLE, XK_ITP_NAME)
	VALUES (3, 'CUBE_GEN_DOCUMENTATION', 'CUBE_GEN_TEMPLATE_FUNCTION', 'DESCRIPTION', 'N', 'N', 'N', 'N', '', 'N', 'DESCRIPTION');

INSERT INTO bot.v_attribute (CUBE_SEQUENCE, FK_BOT_NAME, FK_TYP_NAME, NAME, PRIMARY_KEY, CODE_DISPLAY_KEY, CODE_FOREIGN_KEY, FLAG_HIDDEN, DEFAULT_VALUE, UNCHANGEABLE, XK_ITP_NAME)
	VALUES (4, 'CUBE_GEN_DOCUMENTATION', 'CUBE_GEN_TEMPLATE_FUNCTION', 'SYNTAX', 'N', 'N', 'N', 'N', '', 'N', 'CODING');

--
-- Insert SYSTEM business object types
--
INSERT INTO sys.v_system (NAME, CUBE_TSG_TYPE, DATABASE, SCHEMA, PASSWORD, TABLE_PREFIX)
	VALUES ('CubeDocu', 'PRIMARY', 'composys', 'cubedocu', 'composys', '');

INSERT INTO sys.v_system_bo_type (CUBE_SEQUENCE, FK_SYS_NAME, XK_BOT_NAME)
	VALUES (1, 'CubeDocu', 'INFORMATION_TYPE');

INSERT INTO sys.v_system_bo_type (CUBE_SEQUENCE, FK_SYS_NAME, XK_BOT_NAME)
	VALUES (2, 'CubeDocu', 'BUSINESS_OBJECT_TYPE');

INSERT INTO sys.v_system_bo_type (CUBE_SEQUENCE, FK_SYS_NAME, XK_BOT_NAME)
	VALUES (3, 'CubeDocu', 'CUBE_GEN_DOCUMENTATION');

INSERT INTO sys.v_system_bo_type (CUBE_SEQUENCE, FK_SYS_NAME, XK_BOT_NAME)
	VALUES (4, 'CubeDocu', 'SYSTEM');

INSERT INTO sys.v_system (NAME, CUBE_TSG_TYPE, DATABASE, SCHEMA, PASSWORD, TABLE_PREFIX)
	VALUES ('CubeRoot', 'PRIMARY', 'composys', 'cuberoot', 'composys', '');

INSERT INTO sys.v_system_bo_type (CUBE_SEQUENCE, FK_SYS_NAME, XK_BOT_NAME)
	VALUES (1, 'CubeRoot', 'INFORMATION_TYPE');

INSERT INTO sys.v_system_bo_type (CUBE_SEQUENCE, FK_SYS_NAME, XK_BOT_NAME)
	VALUES (2, 'CubeRoot', 'BUSINESS_OBJECT_TYPE');

INSERT INTO sys.v_system_bo_type (CUBE_SEQUENCE, FK_SYS_NAME, XK_BOT_NAME)
	VALUES (3, 'CubeRoot', 'SYSTEM');

INSERT INTO sys.v_system (NAME, CUBE_TSG_TYPE, DATABASE, SCHEMA, PASSWORD, TABLE_PREFIX)
	VALUES ('CubeSys', 'SUPPORT', '', '', '', 'CUBE');

INSERT INTO sys.v_system_bo_type (CUBE_SEQUENCE, FK_SYS_NAME, XK_BOT_NAME)
	VALUES (1, 'CubeSys', 'USER');

INSERT INTO sys.v_system_bo_type (CUBE_SEQUENCE, FK_SYS_NAME, XK_BOT_NAME)
	VALUES (2, 'CubeSys', 'DESCRIPTION');

INSERT INTO sys.v_system (NAME, CUBE_TSG_TYPE, DATABASE, SCHEMA, PASSWORD, TABLE_PREFIX)
	VALUES ('CubeTool', 'PRIMARY', 'composys', 'cubetool', 'composys', '');

INSERT INTO sys.v_system_bo_type (CUBE_SEQUENCE, FK_SYS_NAME, XK_BOT_NAME)
	VALUES (1, 'CubeTool', 'INFORMATION_TYPE');

INSERT INTO sys.v_system_bo_type (CUBE_SEQUENCE, FK_SYS_NAME, XK_BOT_NAME)
	VALUES (2, 'CubeTool', 'BUSINESS_OBJECT_TYPE');

INSERT INTO sys.v_system_bo_type (CUBE_SEQUENCE, FK_SYS_NAME, XK_BOT_NAME)
	VALUES (3, 'CubeTool', 'SYSTEM');

INSERT INTO sys.v_system_bo_type (CUBE_SEQUENCE, FK_SYS_NAME, XK_BOT_NAME)
	VALUES (4, 'CubeTool', 'FUNCTION');

EXIT;
