----------------------------------------------------------
-- CubeTool Model Import DML
--
-- Model: Systems\CubeTool\CubeToolModel.cgm
----------------------------------------------------------
--
-- Delete All
--
DELETE v_information_type;
DELETE v_information_type_element;
DELETE v_permitted_value;
DELETE v_business_object_type;
DELETE v_type;
DELETE v_attribute;
DELETE v_derivation;
DELETE v_description_attribute;
DELETE v_restriction_type_spec_atb;
DELETE v_reference;
DELETE v_description_reference;
DELETE v_restriction_type_spec_ref;
DELETE v_type_reuse;
DELETE v_partition;
DELETE v_subtype;
DELETE v_type_specialisation_group;
DELETE v_type_specialisation;
DELETE v_description_type;
DELETE v_system;
DELETE v_system_bo_type;
DELETE v_function;
DELETE v_argument;
--
-- Insert INFORMATION_TYPE business object types
--
INSERT INTO v_information_type (NAME)
	VALUES ('AGGREGATION');

INSERT INTO v_information_type_element (FK_ITP_NAME, SEQUENCE, SUFFIX, DOMAIN, LENGTH, DECIMALS, CASE_SENSITIVE, DEFAULT_VALUE, SPACES_ALLOWED, PRESENTATION)
	VALUES ('AGGREGATION', 1, '#', 'TEXT', 3, 0, 'N', '', 'N', 'LIN');

INSERT INTO v_permitted_value (CUBE_SEQUENCE, FK_ITP_NAME, FK_ITE_SEQUENCE, CODE, PROMPT)
	VALUES (1, 'AGGREGATION', 1, 'SUM', 'Sum');

INSERT INTO v_permitted_value (CUBE_SEQUENCE, FK_ITP_NAME, FK_ITE_SEQUENCE, CODE, PROMPT)
	VALUES (2, 'AGGREGATION', 1, 'AVG', 'Average');

INSERT INTO v_permitted_value (CUBE_SEQUENCE, FK_ITP_NAME, FK_ITE_SEQUENCE, CODE, PROMPT)
	VALUES (3, 'AGGREGATION', 1, 'MIN', 'Minimum');

INSERT INTO v_permitted_value (CUBE_SEQUENCE, FK_ITP_NAME, FK_ITE_SEQUENCE, CODE, PROMPT)
	VALUES (4, 'AGGREGATION', 1, 'MAX', 'Maximum');

INSERT INTO v_information_type (NAME)
	VALUES ('BEDRAG');

INSERT INTO v_information_type_element (FK_ITP_NAME, SEQUENCE, SUFFIX, DOMAIN, LENGTH, DECIMALS, CASE_SENSITIVE, DEFAULT_VALUE, SPACES_ALLOWED, PRESENTATION)
	VALUES ('BEDRAG', 1, '#', 'NUMBER', 8, 2, 'N', '', 'N', 'LIN');

INSERT INTO v_information_type (NAME)
	VALUES ('CARDINALITY');

INSERT INTO v_information_type_element (FK_ITP_NAME, SEQUENCE, SUFFIX, DOMAIN, LENGTH, DECIMALS, CASE_SENSITIVE, DEFAULT_VALUE, SPACES_ALLOWED, PRESENTATION)
	VALUES ('CARDINALITY', 1, '#', 'TEXT', 1, 0, 'N', 'N', 'Y', 'LIN');

INSERT INTO v_permitted_value (CUBE_SEQUENCE, FK_ITP_NAME, FK_ITE_SEQUENCE, CODE, PROMPT)
	VALUES (1, 'CARDINALITY', 1, '1', '1');

INSERT INTO v_permitted_value (CUBE_SEQUENCE, FK_ITP_NAME, FK_ITE_SEQUENCE, CODE, PROMPT)
	VALUES (2, 'CARDINALITY', 1, '2', '2');

INSERT INTO v_permitted_value (CUBE_SEQUENCE, FK_ITP_NAME, FK_ITE_SEQUENCE, CODE, PROMPT)
	VALUES (3, 'CARDINALITY', 1, '3', '3');

INSERT INTO v_permitted_value (CUBE_SEQUENCE, FK_ITP_NAME, FK_ITE_SEQUENCE, CODE, PROMPT)
	VALUES (4, 'CARDINALITY', 1, '4', '4');

INSERT INTO v_permitted_value (CUBE_SEQUENCE, FK_ITP_NAME, FK_ITE_SEQUENCE, CODE, PROMPT)
	VALUES (5, 'CARDINALITY', 1, '5', '5');

INSERT INTO v_permitted_value (CUBE_SEQUENCE, FK_ITP_NAME, FK_ITE_SEQUENCE, CODE, PROMPT)
	VALUES (6, 'CARDINALITY', 1, 'N', 'Many');

INSERT INTO v_information_type (NAME)
	VALUES ('CODE');

INSERT INTO v_information_type_element (FK_ITP_NAME, SEQUENCE, SUFFIX, DOMAIN, LENGTH, DECIMALS, CASE_SENSITIVE, DEFAULT_VALUE, SPACES_ALLOWED, PRESENTATION)
	VALUES ('CODE', 1, '#', 'TEXT', 8, 0, 'N', '', 'N', 'LIN');

INSERT INTO v_information_type (NAME)
	VALUES ('CODE1');

INSERT INTO v_information_type_element (FK_ITP_NAME, SEQUENCE, SUFFIX, DOMAIN, LENGTH, DECIMALS, CASE_SENSITIVE, DEFAULT_VALUE, SPACES_ALLOWED, PRESENTATION)
	VALUES ('CODE1', 1, '#', 'TEXT', 1, 0, 'Y', '', 'Y', 'LIN');

INSERT INTO v_information_type (NAME)
	VALUES ('CODE_DISPLAY_KEY');

INSERT INTO v_information_type_element (FK_ITP_NAME, SEQUENCE, SUFFIX, DOMAIN, LENGTH, DECIMALS, CASE_SENSITIVE, DEFAULT_VALUE, SPACES_ALLOWED, PRESENTATION)
	VALUES ('CODE_DISPLAY_KEY', 1, '#', 'TEXT', 1, 0, 'N', 'N', 'N', 'LIN');

INSERT INTO v_permitted_value (CUBE_SEQUENCE, FK_ITP_NAME, FK_ITE_SEQUENCE, CODE, PROMPT)
	VALUES (1, 'CODE_DISPLAY_KEY', 1, 'Y', 'Yes');

INSERT INTO v_permitted_value (CUBE_SEQUENCE, FK_ITP_NAME, FK_ITE_SEQUENCE, CODE, PROMPT)
	VALUES (2, 'CODE_DISPLAY_KEY', 1, 'S', 'Sub');

INSERT INTO v_permitted_value (CUBE_SEQUENCE, FK_ITP_NAME, FK_ITE_SEQUENCE, CODE, PROMPT)
	VALUES (3, 'CODE_DISPLAY_KEY', 1, 'N', 'No');

INSERT INTO v_information_type (NAME)
	VALUES ('CODE_REFERENCE');

INSERT INTO v_information_type_element (FK_ITP_NAME, SEQUENCE, SUFFIX, DOMAIN, LENGTH, DECIMALS, CASE_SENSITIVE, DEFAULT_VALUE, SPACES_ALLOWED, PRESENTATION)
	VALUES ('CODE_REFERENCE', 1, '#', 'TEXT', 1, 0, 'N', 'E', 'N', 'LIN');

INSERT INTO v_permitted_value (CUBE_SEQUENCE, FK_ITP_NAME, FK_ITE_SEQUENCE, CODE, PROMPT)
	VALUES (1, 'CODE_REFERENCE', 1, 'E', 'External');

INSERT INTO v_permitted_value (CUBE_SEQUENCE, FK_ITP_NAME, FK_ITE_SEQUENCE, CODE, PROMPT)
	VALUES (2, 'CODE_REFERENCE', 1, 'I', 'Internal');

INSERT INTO v_information_type (NAME)
	VALUES ('DATUM');

INSERT INTO v_information_type_element (FK_ITP_NAME, SEQUENCE, SUFFIX, DOMAIN, LENGTH, DECIMALS, CASE_SENSITIVE, DEFAULT_VALUE, SPACES_ALLOWED, PRESENTATION)
	VALUES ('DATUM', 1, '#', 'DATE', 0, 0, 'N', '', 'N', 'LIN');

INSERT INTO v_information_type (NAME)
	VALUES ('DOMAIN');

INSERT INTO v_information_type_element (FK_ITP_NAME, SEQUENCE, SUFFIX, DOMAIN, LENGTH, DECIMALS, CASE_SENSITIVE, DEFAULT_VALUE, SPACES_ALLOWED, PRESENTATION)
	VALUES ('DOMAIN', 1, '#', 'TEXT', 2, 0, 'Y', 'CH', 'N', 'LIN');

INSERT INTO v_permitted_value (CUBE_SEQUENCE, FK_ITP_NAME, FK_ITE_SEQUENCE, CODE, PROMPT)
	VALUES (1, 'DOMAIN', 1, 'CH', 'Text');

INSERT INTO v_permitted_value (CUBE_SEQUENCE, FK_ITP_NAME, FK_ITE_SEQUENCE, CODE, PROMPT)
	VALUES (2, 'DOMAIN', 1, 'NR', 'Number');

INSERT INTO v_permitted_value (CUBE_SEQUENCE, FK_ITP_NAME, FK_ITE_SEQUENCE, CODE, PROMPT)
	VALUES (3, 'DOMAIN', 1, 'DT', 'Date');

INSERT INTO v_permitted_value (CUBE_SEQUENCE, FK_ITP_NAME, FK_ITE_SEQUENCE, CODE, PROMPT)
	VALUES (4, 'DOMAIN', 1, 'TI', 'Time');

INSERT INTO v_permitted_value (CUBE_SEQUENCE, FK_ITP_NAME, FK_ITE_SEQUENCE, CODE, PROMPT)
	VALUES (5, 'DOMAIN', 1, 'TS', 'Timestamp');

INSERT INTO v_information_type (NAME)
	VALUES ('FLAG');

INSERT INTO v_information_type_element (FK_ITP_NAME, SEQUENCE, SUFFIX, DOMAIN, LENGTH, DECIMALS, CASE_SENSITIVE, DEFAULT_VALUE, SPACES_ALLOWED, PRESENTATION)
	VALUES ('FLAG', 1, '#', 'TEXT', 1, 0, 'Y', 'N', 'Y', 'LIN');

INSERT INTO v_permitted_value (CUBE_SEQUENCE, FK_ITP_NAME, FK_ITE_SEQUENCE, CODE, PROMPT)
	VALUES (1, 'FLAG', 1, 'Y', 'Yes');

INSERT INTO v_permitted_value (CUBE_SEQUENCE, FK_ITP_NAME, FK_ITE_SEQUENCE, CODE, PROMPT)
	VALUES (2, 'FLAG', 1, 'N', 'No');

INSERT INTO v_information_type (NAME)
	VALUES ('FOREIGN_KEY_TYPE');

INSERT INTO v_information_type_element (FK_ITP_NAME, SEQUENCE, SUFFIX, DOMAIN, LENGTH, DECIMALS, CASE_SENSITIVE, DEFAULT_VALUE, SPACES_ALLOWED, PRESENTATION)
	VALUES ('FOREIGN_KEY_TYPE', 1, '#', 'TEXT', 1, 0, 'Y', 'N', 'Y', 'LIN');

INSERT INTO v_permitted_value (CUBE_SEQUENCE, FK_ITP_NAME, FK_ITE_SEQUENCE, CODE, PROMPT)
	VALUES (1, 'FOREIGN_KEY_TYPE', 1, 'N', 'None');

INSERT INTO v_information_type (NAME)
	VALUES ('FUNCTION');

INSERT INTO v_information_type_element (FK_ITP_NAME, SEQUENCE, SUFFIX, DOMAIN, LENGTH, DECIMALS, CASE_SENSITIVE, DEFAULT_VALUE, SPACES_ALLOWED, PRESENTATION)
	VALUES ('FUNCTION', 1, '#', 'TEXT', 8, 0, 'N', 'EXP', 'N', 'LIN');

INSERT INTO v_permitted_value (CUBE_SEQUENCE, FK_ITP_NAME, FK_ITE_SEQUENCE, CODE, PROMPT)
	VALUES (1, 'FUNCTION', 1, 'EXPRES', 'Expression');

INSERT INTO v_permitted_value (CUBE_SEQUENCE, FK_ITP_NAME, FK_ITE_SEQUENCE, CODE, PROMPT)
	VALUES (2, 'FUNCTION', 1, 'YEARS', 'Years');

INSERT INTO v_permitted_value (CUBE_SEQUENCE, FK_ITP_NAME, FK_ITE_SEQUENCE, CODE, PROMPT)
	VALUES (3, 'FUNCTION', 1, 'MULTIPLY', 'Multiply');

INSERT INTO v_information_type (NAME)
	VALUES ('GETAL');

INSERT INTO v_information_type_element (FK_ITP_NAME, SEQUENCE, SUFFIX, DOMAIN, LENGTH, DECIMALS, CASE_SENSITIVE, DEFAULT_VALUE, SPACES_ALLOWED, PRESENTATION)
	VALUES ('GETAL', 1, '#', 'NUMBER', 8, 0, 'N', '', 'N', 'LIN');

INSERT INTO v_information_type (NAME)
	VALUES ('ICON');

INSERT INTO v_information_type_element (FK_ITP_NAME, SEQUENCE, SUFFIX, DOMAIN, LENGTH, DECIMALS, CASE_SENSITIVE, DEFAULT_VALUE, SPACES_ALLOWED, PRESENTATION)
	VALUES ('ICON', 1, '#', 'TEXT', 8, 0, 'N', '', 'N', 'LIN');

INSERT INTO v_information_type (NAME)
	VALUES ('INTEGER');

INSERT INTO v_information_type_element (FK_ITP_NAME, SEQUENCE, SUFFIX, DOMAIN, LENGTH, DECIMALS, CASE_SENSITIVE, DEFAULT_VALUE, SPACES_ALLOWED, PRESENTATION)
	VALUES ('INTEGER', 1, '#', 'NUMBER', 8, 0, '', '0', '', 'LIN');

INSERT INTO v_information_type (NAME)
	VALUES ('LONG_NAME');

INSERT INTO v_information_type_element (FK_ITP_NAME, SEQUENCE, SUFFIX, DOMAIN, LENGTH, DECIMALS, CASE_SENSITIVE, DEFAULT_VALUE, SPACES_ALLOWED, PRESENTATION)
	VALUES ('LONG_NAME', 1, '#', 'TEXT', 80, 0, 'Y', '', 'N', 'LIN');

INSERT INTO v_information_type (NAME)
	VALUES ('NAAM');

INSERT INTO v_information_type_element (FK_ITP_NAME, SEQUENCE, SUFFIX, DOMAIN, LENGTH, DECIMALS, CASE_SENSITIVE, DEFAULT_VALUE, SPACES_ALLOWED, PRESENTATION)
	VALUES ('NAAM', 1, '#', 'TEXT', 40, 0, 'Y', '', 'Y', 'LIN');

INSERT INTO v_information_type (NAME)
	VALUES ('NAME');

INSERT INTO v_information_type_element (FK_ITP_NAME, SEQUENCE, SUFFIX, DOMAIN, LENGTH, DECIMALS, CASE_SENSITIVE, DEFAULT_VALUE, SPACES_ALLOWED, PRESENTATION)
	VALUES ('NAME', 1, '#', 'TEXT', 30, 0, 'Y', '', 'N', 'LIN');

INSERT INTO v_information_type (NAME)
	VALUES ('NUM1');

INSERT INTO v_information_type_element (FK_ITP_NAME, SEQUENCE, SUFFIX, DOMAIN, LENGTH, DECIMALS, CASE_SENSITIVE, DEFAULT_VALUE, SPACES_ALLOWED, PRESENTATION)
	VALUES ('NUM1', 1, '#', 'NUMBER', 1, 0, '', '0', '', 'LIN');

INSERT INTO v_information_type (NAME)
	VALUES ('OBJECT_NAME');

INSERT INTO v_information_type_element (FK_ITP_NAME, SEQUENCE, SUFFIX, DOMAIN, LENGTH, DECIMALS, CASE_SENSITIVE, DEFAULT_VALUE, SPACES_ALLOWED, PRESENTATION)
	VALUES ('OBJECT_NAME', 1, '#', 'TEXT', 30, 0, 'N', '', 'N', 'LIN');

INSERT INTO v_information_type (NAME)
	VALUES ('OMSCHRIJVING');

INSERT INTO v_information_type_element (FK_ITP_NAME, SEQUENCE, SUFFIX, DOMAIN, LENGTH, DECIMALS, CASE_SENSITIVE, DEFAULT_VALUE, SPACES_ALLOWED, PRESENTATION)
	VALUES ('OMSCHRIJVING', 1, '#', 'TEXT', 120, 0, 'Y', '', 'Y', 'LIN');

INSERT INTO v_information_type (NAME)
	VALUES ('PASSWORD');

INSERT INTO v_information_type_element (FK_ITP_NAME, SEQUENCE, SUFFIX, DOMAIN, LENGTH, DECIMALS, CASE_SENSITIVE, DEFAULT_VALUE, SPACES_ALLOWED, PRESENTATION)
	VALUES ('PASSWORD', 1, '#', 'TEXT', 20, 0, 'Y', '', 'N', 'LIN');

INSERT INTO v_information_type (NAME)
	VALUES ('POSITIVE_INTEGER_2');

INSERT INTO v_information_type_element (FK_ITP_NAME, SEQUENCE, SUFFIX, DOMAIN, LENGTH, DECIMALS, CASE_SENSITIVE, DEFAULT_VALUE, SPACES_ALLOWED, PRESENTATION)
	VALUES ('POSITIVE_INTEGER_2', 1, '#', 'NUMBER', 2, 0, 'N', '', 'N', 'LIN');

INSERT INTO v_information_type (NAME)
	VALUES ('POSTCODE');

INSERT INTO v_information_type_element (FK_ITP_NAME, SEQUENCE, SUFFIX, DOMAIN, LENGTH, DECIMALS, CASE_SENSITIVE, DEFAULT_VALUE, SPACES_ALLOWED, PRESENTATION)
	VALUES ('POSTCODE', 1, 'CIJFERS', 'NUMBER', 4, 0, 'N', '', 'N', 'LIN');

INSERT INTO v_information_type_element (FK_ITP_NAME, SEQUENCE, SUFFIX, DOMAIN, LENGTH, DECIMALS, CASE_SENSITIVE, DEFAULT_VALUE, SPACES_ALLOWED, PRESENTATION)
	VALUES ('POSTCODE', 2, 'LETTERS', 'TEXT', 2, 0, 'N', '', 'N', 'LIN');

INSERT INTO v_information_type (NAME)
	VALUES ('REFERENCE');

INSERT INTO v_information_type_element (FK_ITP_NAME, SEQUENCE, SUFFIX, DOMAIN, LENGTH, DECIMALS, CASE_SENSITIVE, DEFAULT_VALUE, SPACES_ALLOWED, PRESENTATION)
	VALUES ('REFERENCE', 1, '#', 'TEXT', 8, 0, 'N', '', 'N', 'LIN');

INSERT INTO v_information_type (NAME)
	VALUES ('SCOPE_LEVEL');

INSERT INTO v_information_type_element (FK_ITP_NAME, SEQUENCE, SUFFIX, DOMAIN, LENGTH, DECIMALS, CASE_SENSITIVE, DEFAULT_VALUE, SPACES_ALLOWED, PRESENTATION)
	VALUES ('SCOPE_LEVEL', 1, '#', 'NUMBER', 1, 0, 'N', '0', 'N', 'LIN');

INSERT INTO v_permitted_value (CUBE_SEQUENCE, FK_ITP_NAME, FK_ITE_SEQUENCE, CODE, PROMPT)
	VALUES (1, 'SCOPE_LEVEL', 1, '0', 'None');

INSERT INTO v_permitted_value (CUBE_SEQUENCE, FK_ITP_NAME, FK_ITE_SEQUENCE, CODE, PROMPT)
	VALUES (2, 'SCOPE_LEVEL', 1, '1', 'First Parent');

INSERT INTO v_permitted_value (CUBE_SEQUENCE, FK_ITP_NAME, FK_ITE_SEQUENCE, CODE, PROMPT)
	VALUES (3, 'SCOPE_LEVEL', 1, '2', 'Second parent');

INSERT INTO v_permitted_value (CUBE_SEQUENCE, FK_ITP_NAME, FK_ITE_SEQUENCE, CODE, PROMPT)
	VALUES (4, 'SCOPE_LEVEL', 1, '3', 'Third parent');

INSERT INTO v_information_type (NAME)
	VALUES ('SCOPE_TYPE');

INSERT INTO v_information_type_element (FK_ITP_NAME, SEQUENCE, SUFFIX, DOMAIN, LENGTH, DECIMALS, CASE_SENSITIVE, DEFAULT_VALUE, SPACES_ALLOWED, PRESENTATION)
	VALUES ('SCOPE_TYPE', 0, '#', 'TEXT', 3, 0, 'N', 'ALL', 'N', 'LIN');

INSERT INTO v_permitted_value (CUBE_SEQUENCE, FK_ITP_NAME, FK_ITE_SEQUENCE, CODE, PROMPT)
	VALUES (1, 'SCOPE_TYPE', 0, 'ALL', 'All');

INSERT INTO v_permitted_value (CUBE_SEQUENCE, FK_ITP_NAME, FK_ITE_SEQUENCE, CODE, PROMPT)
	VALUES (2, 'SCOPE_TYPE', 0, 'ENC', 'Encapsulated');

INSERT INTO v_permitted_value (CUBE_SEQUENCE, FK_ITP_NAME, FK_ITE_SEQUENCE, CODE, PROMPT)
	VALUES (3, 'SCOPE_TYPE', 0, 'PRA', 'Parents all');

INSERT INTO v_permitted_value (CUBE_SEQUENCE, FK_ITP_NAME, FK_ITE_SEQUENCE, CODE, PROMPT)
	VALUES (4, 'SCOPE_TYPE', 0, 'PR1', 'Parents first level');

INSERT INTO v_permitted_value (CUBE_SEQUENCE, FK_ITP_NAME, FK_ITE_SEQUENCE, CODE, PROMPT)
	VALUES (5, 'SCOPE_TYPE', 0, 'CHA', 'Children all');

INSERT INTO v_permitted_value (CUBE_SEQUENCE, FK_ITP_NAME, FK_ITE_SEQUENCE, CODE, PROMPT)
	VALUES (6, 'SCOPE_TYPE', 0, 'CH1', 'Children first level');

INSERT INTO v_information_type (NAME)
	VALUES ('SHORT_NAME');

INSERT INTO v_information_type_element (FK_ITP_NAME, SEQUENCE, SUFFIX, DOMAIN, LENGTH, DECIMALS, CASE_SENSITIVE, DEFAULT_VALUE, SPACES_ALLOWED, PRESENTATION)
	VALUES ('SHORT_NAME', 1, '#', 'TEXT', 8, 0, 'Y', '', 'N', 'LIN');

INSERT INTO v_information_type (NAME)
	VALUES ('SORT_TYPE');

INSERT INTO v_information_type_element (FK_ITP_NAME, SEQUENCE, SUFFIX, DOMAIN, LENGTH, DECIMALS, CASE_SENSITIVE, DEFAULT_VALUE, SPACES_ALLOWED, PRESENTATION)
	VALUES ('SORT_TYPE', 1, '#', 'TEXT', 1, 0, 'Y', 'N', 'Y', 'LIN');

INSERT INTO v_permitted_value (CUBE_SEQUENCE, FK_ITP_NAME, FK_ITE_SEQUENCE, CODE, PROMPT)
	VALUES (1, 'SORT_TYPE', 1, 'N', 'No sort');

INSERT INTO v_permitted_value (CUBE_SEQUENCE, FK_ITP_NAME, FK_ITE_SEQUENCE, CODE, PROMPT)
	VALUES (2, 'SORT_TYPE', 1, 'K', 'Key');

INSERT INTO v_permitted_value (CUBE_SEQUENCE, FK_ITP_NAME, FK_ITE_SEQUENCE, CODE, PROMPT)
	VALUES (3, 'SORT_TYPE', 1, 'P', 'Position');

INSERT INTO v_information_type (NAME)
	VALUES ('SUFFIX');

INSERT INTO v_information_type_element (FK_ITP_NAME, SEQUENCE, SUFFIX, DOMAIN, LENGTH, DECIMALS, CASE_SENSITIVE, DEFAULT_VALUE, SPACES_ALLOWED, PRESENTATION)
	VALUES ('SUFFIX', 1, '#', 'TEXT', 12, 0, 'Y', '', 'N', 'LIN');

INSERT INTO v_information_type (NAME)
	VALUES ('TEXT32');

INSERT INTO v_information_type_element (FK_ITP_NAME, SEQUENCE, SUFFIX, DOMAIN, LENGTH, DECIMALS, CASE_SENSITIVE, DEFAULT_VALUE, SPACES_ALLOWED, PRESENTATION)
	VALUES ('TEXT32', 1, '#', 'TEXT', 32, 0, 'Y', '', 'Y', 'LIN');

INSERT INTO v_information_type (NAME)
	VALUES ('TEXT_120');

INSERT INTO v_information_type_element (FK_ITP_NAME, SEQUENCE, SUFFIX, DOMAIN, LENGTH, DECIMALS, CASE_SENSITIVE, DEFAULT_VALUE, SPACES_ALLOWED, PRESENTATION)
	VALUES ('TEXT_120', 1, '#', 'TEXT', 120, 0, 'Y', '', 'Y', 'LIN');

INSERT INTO v_information_type (NAME)
	VALUES ('UPPERCASE_TEXT_6');

INSERT INTO v_information_type_element (FK_ITP_NAME, SEQUENCE, SUFFIX, DOMAIN, LENGTH, DECIMALS, CASE_SENSITIVE, DEFAULT_VALUE, SPACES_ALLOWED, PRESENTATION)
	VALUES ('UPPERCASE_TEXT_6', 1, '#', 'TEXT', 6, 0, 'N', '', 'N', 'LIN');

--
-- Insert BUSINESS_OBJECT_TYPE business object types
--
INSERT INTO v_business_object_type (CUBE_SEQUENCE, NAME, CUBE_TSG_INT_EXT, DIRECTORY, API_URL)
	VALUES (1, 'KENTEKEN_VOERTUIG', 'EXT', 'Kentekens', 'https://opendata.rdw.nl/resource/m9d7-ebf2.json');

INSERT INTO v_type (CUBE_SEQUENCE, FK_BOT_NAME, FK_TYP_NAME, NAME, CODE, FLAG_PARTIAL_KEY, FLAG_RECURSIVE, RECURSIVE_CARDINALITY, CARDINALITY, SORT_ORDER, ICON, TRANSFERABLE)
	VALUES (1, 'KENTEKEN_VOERTUIG', '', 'KENTEKEN_VOERTUIG', 'KVT', 'N', 'N', 'N', 'N', 'N', 'KENTEKEN', 'Y');

INSERT INTO v_attribute (CUBE_SEQUENCE, FK_BOT_NAME, FK_TYP_NAME, NAME, PRIMARY_KEY, CODE_DISPLAY_KEY, CODE_FOREIGN_KEY, FLAG_HIDDEN, DEFAULT_VALUE, UNCHANGEABLE, XK_ITP_NAME)
	VALUES (1, 'KENTEKEN_VOERTUIG', 'KENTEKEN_VOERTUIG', 'KENTEKEN', 'Y', 'Y', 'N', 'N', '', 'N', 'UPPERCASE_TEXT_6');

INSERT INTO v_attribute (CUBE_SEQUENCE, FK_BOT_NAME, FK_TYP_NAME, NAME, PRIMARY_KEY, CODE_DISPLAY_KEY, CODE_FOREIGN_KEY, FLAG_HIDDEN, DEFAULT_VALUE, UNCHANGEABLE, XK_ITP_NAME)
	VALUES (2, 'KENTEKEN_VOERTUIG', 'KENTEKEN_VOERTUIG', 'MERK', 'N', 'N', 'N', 'N', '', 'N', 'TEXT_120');

INSERT INTO v_attribute (CUBE_SEQUENCE, FK_BOT_NAME, FK_TYP_NAME, NAME, PRIMARY_KEY, CODE_DISPLAY_KEY, CODE_FOREIGN_KEY, FLAG_HIDDEN, DEFAULT_VALUE, UNCHANGEABLE, XK_ITP_NAME)
	VALUES (3, 'KENTEKEN_VOERTUIG', 'KENTEKEN_VOERTUIG', 'HANDELSBENAMING', 'N', 'N', 'N', 'N', '', 'N', 'TEXT_120');

INSERT INTO v_attribute (CUBE_SEQUENCE, FK_BOT_NAME, FK_TYP_NAME, NAME, PRIMARY_KEY, CODE_DISPLAY_KEY, CODE_FOREIGN_KEY, FLAG_HIDDEN, DEFAULT_VALUE, UNCHANGEABLE, XK_ITP_NAME)
	VALUES (4, 'KENTEKEN_VOERTUIG', 'KENTEKEN_VOERTUIG', 'AANTAL_CILINDERS', 'N', 'N', 'N', 'N', '', 'N', 'POSITIVE_INTEGER_2');

INSERT INTO v_attribute (CUBE_SEQUENCE, FK_BOT_NAME, FK_TYP_NAME, NAME, PRIMARY_KEY, CODE_DISPLAY_KEY, CODE_FOREIGN_KEY, FLAG_HIDDEN, DEFAULT_VALUE, UNCHANGEABLE, XK_ITP_NAME)
	VALUES (5, 'KENTEKEN_VOERTUIG', 'KENTEKEN_VOERTUIG', 'AANTAL_DEUREN', 'N', 'N', 'N', 'N', '', 'N', 'POSITIVE_INTEGER_2');

INSERT INTO v_business_object_type (CUBE_SEQUENCE, NAME, CUBE_TSG_INT_EXT, DIRECTORY, API_URL)
	VALUES (2, 'POSTCODE_ADRES', 'EXT', 'Postcode_Adressen', 'https://postcode-api.apiwise.nl/v2/addresses');

INSERT INTO v_type (CUBE_SEQUENCE, FK_BOT_NAME, FK_TYP_NAME, NAME, CODE, FLAG_PARTIAL_KEY, FLAG_RECURSIVE, RECURSIVE_CARDINALITY, CARDINALITY, SORT_ORDER, ICON, TRANSFERABLE)
	VALUES (1, 'POSTCODE_ADRES', '', 'POSTCODE_ADRES', 'PCA', 'N', 'N', 'N', 'N', 'N', 'POSTCODE', 'Y');

INSERT INTO v_business_object_type (CUBE_SEQUENCE, NAME, CUBE_TSG_INT_EXT, DIRECTORY, API_URL)
	VALUES (3, 'ORDER', 'INT', 'Orders', '');

INSERT INTO v_type (CUBE_SEQUENCE, FK_BOT_NAME, FK_TYP_NAME, NAME, CODE, FLAG_PARTIAL_KEY, FLAG_RECURSIVE, RECURSIVE_CARDINALITY, CARDINALITY, SORT_ORDER, ICON, TRANSFERABLE)
	VALUES (1, 'ORDER', '', 'ORDER', 'ORD', 'N', 'N', 'N', 'N', 'P', 'ORDER', 'Y');

INSERT INTO v_attribute (CUBE_SEQUENCE, FK_BOT_NAME, FK_TYP_NAME, NAME, PRIMARY_KEY, CODE_DISPLAY_KEY, CODE_FOREIGN_KEY, FLAG_HIDDEN, DEFAULT_VALUE, UNCHANGEABLE, XK_ITP_NAME)
	VALUES (1, 'ORDER', 'ORDER', 'CODE', 'Y', 'Y', 'N', 'N', '', 'N', 'REFERENCE');

INSERT INTO v_reference (CUBE_SEQUENCE, FK_BOT_NAME, FK_TYP_NAME, NAME, PRIMARY_KEY, CODE_DISPLAY_KEY, SEQUENCE, SCOPE, UNCHANGEABLE, WITHIN_SCOPE_LEVEL, XK_TYP_NAME, XK_TYP_NAME_1)
	VALUES (1, 'ORDER', 'ORDER', 'IS_BESTELD_DOOR', 'N', 'N', 0, 'ALL', 'N', 0, 'KLANT', '');

INSERT INTO v_type (CUBE_SEQUENCE, FK_BOT_NAME, FK_TYP_NAME, NAME, CODE, FLAG_PARTIAL_KEY, FLAG_RECURSIVE, RECURSIVE_CARDINALITY, CARDINALITY, SORT_ORDER, ICON, TRANSFERABLE)
	VALUES (1, 'ORDER', 'ORDER', 'ORDER_REGEL', 'ORR', 'Y', 'N', 'N', 'N', 'K', 'ORDPROD', 'Y');

INSERT INTO v_attribute (CUBE_SEQUENCE, FK_BOT_NAME, FK_TYP_NAME, NAME, PRIMARY_KEY, CODE_DISPLAY_KEY, CODE_FOREIGN_KEY, FLAG_HIDDEN, DEFAULT_VALUE, UNCHANGEABLE, XK_ITP_NAME)
	VALUES (1, 'ORDER', 'ORDER_REGEL', 'PRODUKT_PRIJS', 'N', 'N', 'N', 'N', '', 'N', 'BEDRAG');

INSERT INTO v_attribute (CUBE_SEQUENCE, FK_BOT_NAME, FK_TYP_NAME, NAME, PRIMARY_KEY, CODE_DISPLAY_KEY, CODE_FOREIGN_KEY, FLAG_HIDDEN, DEFAULT_VALUE, UNCHANGEABLE, XK_ITP_NAME)
	VALUES (2, 'ORDER', 'ORDER_REGEL', 'AANTAL', 'N', 'N', 'N', 'N', '', 'N', 'BEDRAG');

INSERT INTO v_attribute (CUBE_SEQUENCE, FK_BOT_NAME, FK_TYP_NAME, NAME, PRIMARY_KEY, CODE_DISPLAY_KEY, CODE_FOREIGN_KEY, FLAG_HIDDEN, DEFAULT_VALUE, UNCHANGEABLE, XK_ITP_NAME)
	VALUES (3, 'ORDER', 'ORDER_REGEL', 'TOTAAL_PRIJS', 'N', 'S', 'N', 'N', '', 'N', 'BEDRAG');

INSERT INTO v_reference (CUBE_SEQUENCE, FK_BOT_NAME, FK_TYP_NAME, NAME, PRIMARY_KEY, CODE_DISPLAY_KEY, SEQUENCE, SCOPE, UNCHANGEABLE, WITHIN_SCOPE_LEVEL, XK_TYP_NAME, XK_TYP_NAME_1)
	VALUES (1, 'ORDER', 'ORDER_REGEL', 'BETREFT', 'N', 'N', 0, 'ALL', 'N', 0, 'PRODUKT', '');

INSERT INTO v_reference (CUBE_SEQUENCE, FK_BOT_NAME, FK_TYP_NAME, NAME, PRIMARY_KEY, CODE_DISPLAY_KEY, SEQUENCE, SCOPE, UNCHANGEABLE, WITHIN_SCOPE_LEVEL, XK_TYP_NAME, XK_TYP_NAME_1)
	VALUES (2, 'ORDER', 'ORDER_REGEL', 'BETREFT_MULTIPLE', 'N', 'N', 1, 'ALL', 'N', 0, 'PRODUKT', '');

INSERT INTO v_reference (CUBE_SEQUENCE, FK_BOT_NAME, FK_TYP_NAME, NAME, PRIMARY_KEY, CODE_DISPLAY_KEY, SEQUENCE, SCOPE, UNCHANGEABLE, WITHIN_SCOPE_LEVEL, XK_TYP_NAME, XK_TYP_NAME_1)
	VALUES (3, 'ORDER', 'ORDER_REGEL', 'BETREFT', 'N', 'N', 0, 'ALL', 'N', 0, 'KLANT', '');

INSERT INTO v_business_object_type (CUBE_SEQUENCE, NAME, CUBE_TSG_INT_EXT, DIRECTORY, API_URL)
	VALUES (4, 'KLANT', 'INT', 'Klanten', '');

INSERT INTO v_type (CUBE_SEQUENCE, FK_BOT_NAME, FK_TYP_NAME, NAME, CODE, FLAG_PARTIAL_KEY, FLAG_RECURSIVE, RECURSIVE_CARDINALITY, CARDINALITY, SORT_ORDER, ICON, TRANSFERABLE)
	VALUES (1, 'KLANT', '', 'KLANT', 'KLN', 'N', 'N', 'N', 'N', 'N', 'KLANT', 'Y');

INSERT INTO v_attribute (CUBE_SEQUENCE, FK_BOT_NAME, FK_TYP_NAME, NAME, PRIMARY_KEY, CODE_DISPLAY_KEY, CODE_FOREIGN_KEY, FLAG_HIDDEN, DEFAULT_VALUE, UNCHANGEABLE, XK_ITP_NAME)
	VALUES (1, 'KLANT', 'KLANT', 'NUMMER', 'Y', 'Y', 'N', 'N', '', 'N', 'REFERENCE');

INSERT INTO v_attribute (CUBE_SEQUENCE, FK_BOT_NAME, FK_TYP_NAME, NAME, PRIMARY_KEY, CODE_DISPLAY_KEY, CODE_FOREIGN_KEY, FLAG_HIDDEN, DEFAULT_VALUE, UNCHANGEABLE, XK_ITP_NAME)
	VALUES (2, 'KLANT', 'KLANT', 'ACHTERNAAM', 'N', 'S', 'N', 'N', '', 'N', 'NAAM');

INSERT INTO v_attribute (CUBE_SEQUENCE, FK_BOT_NAME, FK_TYP_NAME, NAME, PRIMARY_KEY, CODE_DISPLAY_KEY, CODE_FOREIGN_KEY, FLAG_HIDDEN, DEFAULT_VALUE, UNCHANGEABLE, XK_ITP_NAME)
	VALUES (3, 'KLANT', 'KLANT', 'GEBOORTE_DATUM', 'N', 'N', 'N', 'N', '', 'N', 'DATUM');

INSERT INTO v_attribute (CUBE_SEQUENCE, FK_BOT_NAME, FK_TYP_NAME, NAME, PRIMARY_KEY, CODE_DISPLAY_KEY, CODE_FOREIGN_KEY, FLAG_HIDDEN, DEFAULT_VALUE, UNCHANGEABLE, XK_ITP_NAME)
	VALUES (4, 'KLANT', 'KLANT', 'LEEFTIJD', 'N', 'N', 'N', 'N', '', 'N', 'GETAL');

INSERT INTO v_attribute (CUBE_SEQUENCE, FK_BOT_NAME, FK_TYP_NAME, NAME, PRIMARY_KEY, CODE_DISPLAY_KEY, CODE_FOREIGN_KEY, FLAG_HIDDEN, DEFAULT_VALUE, UNCHANGEABLE, XK_ITP_NAME)
	VALUES (5, 'KLANT', 'KLANT', 'VOORNAAM', 'N', 'Y', 'N', 'N', '', 'N', 'NAAM');

INSERT INTO v_attribute (CUBE_SEQUENCE, FK_BOT_NAME, FK_TYP_NAME, NAME, PRIMARY_KEY, CODE_DISPLAY_KEY, CODE_FOREIGN_KEY, FLAG_HIDDEN, DEFAULT_VALUE, UNCHANGEABLE, XK_ITP_NAME)
	VALUES (6, 'KLANT', 'KLANT', 'TUSSENVOEGSEL', 'N', 'N', 'N', 'N', '', 'N', 'NAAM');

INSERT INTO v_type (CUBE_SEQUENCE, FK_BOT_NAME, FK_TYP_NAME, NAME, CODE, FLAG_PARTIAL_KEY, FLAG_RECURSIVE, RECURSIVE_CARDINALITY, CARDINALITY, SORT_ORDER, ICON, TRANSFERABLE)
	VALUES (1, 'KLANT', 'KLANT', 'ADRES', 'ADR', 'Y', 'N', 'N', 'N', 'N', 'ADRES', 'Y');

INSERT INTO v_attribute (CUBE_SEQUENCE, FK_BOT_NAME, FK_TYP_NAME, NAME, PRIMARY_KEY, CODE_DISPLAY_KEY, CODE_FOREIGN_KEY, FLAG_HIDDEN, DEFAULT_VALUE, UNCHANGEABLE, XK_ITP_NAME)
	VALUES (1, 'KLANT', 'ADRES', 'POSTCODE', 'Y', 'Y', 'N', 'N', '', 'N', 'POSTCODE');

INSERT INTO v_attribute (CUBE_SEQUENCE, FK_BOT_NAME, FK_TYP_NAME, NAME, PRIMARY_KEY, CODE_DISPLAY_KEY, CODE_FOREIGN_KEY, FLAG_HIDDEN, DEFAULT_VALUE, UNCHANGEABLE, XK_ITP_NAME)
	VALUES (2, 'KLANT', 'ADRES', 'HUISNUMMER', 'Y', 'Y', 'N', 'N', '', 'N', 'GETAL');

INSERT INTO v_type_specialisation_group (CUBE_SEQUENCE, FK_BOT_NAME, FK_TYP_NAME, FK_TSG_CODE, CODE, NAME, PRIMARY_KEY, XF_ATB_TYP_NAME, XK_ATB_NAME)
	VALUES (1, 'KLANT', 'ADRES', '', 'TEST', '', 'Y', 'ADRES', 'POSTCODE');

INSERT INTO v_business_object_type (CUBE_SEQUENCE, NAME, CUBE_TSG_INT_EXT, DIRECTORY, API_URL)
	VALUES (5, 'PRODUKT', 'INT', 'Produkten', '');

INSERT INTO v_type (CUBE_SEQUENCE, FK_BOT_NAME, FK_TYP_NAME, NAME, CODE, FLAG_PARTIAL_KEY, FLAG_RECURSIVE, RECURSIVE_CARDINALITY, CARDINALITY, SORT_ORDER, ICON, TRANSFERABLE)
	VALUES (1, 'PRODUKT', '', 'PRODUKT', 'PRD', 'N', 'N', ' ', '4', 'K', 'PRODUKT', 'Y');

INSERT INTO v_attribute (CUBE_SEQUENCE, FK_BOT_NAME, FK_TYP_NAME, NAME, PRIMARY_KEY, CODE_DISPLAY_KEY, CODE_FOREIGN_KEY, FLAG_HIDDEN, DEFAULT_VALUE, UNCHANGEABLE, XK_ITP_NAME)
	VALUES (1, 'PRODUKT', 'PRODUKT', 'CODE', 'Y', 'Y', 'N', 'N', '', 'N', 'REFERENCE');

INSERT INTO v_description_attribute (FK_BOT_NAME, FK_TYP_NAME, FK_ATB_NAME, TEXT)
	VALUES ('PRODUKT', 'PRODUKT', 'CODE', 'De code voor een produkt');

INSERT INTO v_attribute (CUBE_SEQUENCE, FK_BOT_NAME, FK_TYP_NAME, NAME, PRIMARY_KEY, CODE_DISPLAY_KEY, CODE_FOREIGN_KEY, FLAG_HIDDEN, DEFAULT_VALUE, UNCHANGEABLE, XK_ITP_NAME)
	VALUES (2, 'PRODUKT', 'PRODUKT', 'PRIJS', 'N', 'N', 'N', 'N', '', 'N', 'BEDRAG');

INSERT INTO v_attribute (CUBE_SEQUENCE, FK_BOT_NAME, FK_TYP_NAME, NAME, PRIMARY_KEY, CODE_DISPLAY_KEY, CODE_FOREIGN_KEY, FLAG_HIDDEN, DEFAULT_VALUE, UNCHANGEABLE, XK_ITP_NAME)
	VALUES (3, 'PRODUKT', 'PRODUKT', 'MAKELAAR_NAAM', 'N', 'N', 'N', 'N', '', 'N', 'NAAM');

INSERT INTO v_restriction_type_spec_atb (FK_BOT_NAME, FK_TYP_NAME, FK_ATB_NAME, INCLUDE_OR_EXCLUDE, XF_TSP_TYP_NAME, XF_TSP_TSG_CODE, XK_TSP_CODE)
	VALUES ('PRODUKT', 'PRODUKT', 'MAKELAAR_NAAM', 'IN', 'PRODUKT', 'SOORT', 'O');

INSERT INTO v_attribute (CUBE_SEQUENCE, FK_BOT_NAME, FK_TYP_NAME, NAME, PRIMARY_KEY, CODE_DISPLAY_KEY, CODE_FOREIGN_KEY, FLAG_HIDDEN, DEFAULT_VALUE, UNCHANGEABLE, XK_ITP_NAME)
	VALUES (4, 'PRODUKT', 'PRODUKT', 'BEDRAG_BTW', 'N', 'N', 'N', 'N', '', 'N', 'BEDRAG');

INSERT INTO v_restriction_type_spec_atb (FK_BOT_NAME, FK_TYP_NAME, FK_ATB_NAME, INCLUDE_OR_EXCLUDE, XF_TSP_TYP_NAME, XF_TSP_TSG_CODE, XK_TSP_CODE)
	VALUES ('PRODUKT', 'PRODUKT', 'BEDRAG_BTW', 'EX', 'PRODUKT', 'TYPE', 'P');

INSERT INTO v_reference (CUBE_SEQUENCE, FK_BOT_NAME, FK_TYP_NAME, NAME, PRIMARY_KEY, CODE_DISPLAY_KEY, SEQUENCE, SCOPE, UNCHANGEABLE, WITHIN_SCOPE_LEVEL, XK_TYP_NAME, XK_TYP_NAME_1)
	VALUES (1, 'PRODUKT', 'PRODUKT', 'IS_VOOR', 'N', 'N', 0, 'ALL', 'N', 0, 'KLANT', '');

INSERT INTO v_restriction_type_spec_ref (FK_BOT_NAME, FK_TYP_NAME, FK_REF_SEQUENCE, FK_REF_TYP_NAME, INCLUDE_OR_EXCLUDE, XF_TSP_TYP_NAME, XF_TSP_TSG_CODE, XK_TSP_CODE)
	VALUES ('PRODUKT', 'PRODUKT', 0, 'KLANT', 'EX', 'PRODUKT', 'TYPE', 'Z');

INSERT INTO v_type_specialisation_group (CUBE_SEQUENCE, FK_BOT_NAME, FK_TYP_NAME, FK_TSG_CODE, CODE, NAME, PRIMARY_KEY, XF_ATB_TYP_NAME, XK_ATB_NAME)
	VALUES (1, 'PRODUKT', 'PRODUKT', '', 'TYPE', 'TYPE', 'Y', '', '');

INSERT INTO v_type_specialisation (CUBE_SEQUENCE, FK_BOT_NAME, FK_TYP_NAME, FK_TSG_CODE, CODE, NAME, XF_TSP_TYP_NAME, XF_TSP_TSG_CODE, XK_TSP_CODE)
	VALUES (1, 'PRODUKT', 'PRODUKT', 'TYPE', 'P', 'PARTICULIER', '', '', '');

INSERT INTO v_type_specialisation (CUBE_SEQUENCE, FK_BOT_NAME, FK_TYP_NAME, FK_TSG_CODE, CODE, NAME, XF_TSP_TYP_NAME, XF_TSP_TSG_CODE, XK_TSP_CODE)
	VALUES (2, 'PRODUKT', 'PRODUKT', 'TYPE', 'Z', 'ZAKELIJK', '', '', '');

INSERT INTO v_type_specialisation_group (CUBE_SEQUENCE, FK_BOT_NAME, FK_TYP_NAME, FK_TSG_CODE, CODE, NAME, PRIMARY_KEY, XF_ATB_TYP_NAME, XK_ATB_NAME)
	VALUES (2, 'PRODUKT', 'PRODUKT', '', 'SOORT', 'SOORT', 'N', '', '');

INSERT INTO v_type_specialisation (CUBE_SEQUENCE, FK_BOT_NAME, FK_TYP_NAME, FK_TSG_CODE, CODE, NAME, XF_TSP_TYP_NAME, XF_TSP_TSG_CODE, XK_TSP_CODE)
	VALUES (1, 'PRODUKT', 'PRODUKT', 'SOORT', 'R', 'ROEREND_GOED', '', '', '');

INSERT INTO v_type_specialisation (CUBE_SEQUENCE, FK_BOT_NAME, FK_TYP_NAME, FK_TSG_CODE, CODE, NAME, XF_TSP_TYP_NAME, XF_TSP_TSG_CODE, XK_TSP_CODE)
	VALUES (2, 'PRODUKT', 'PRODUKT', 'SOORT', 'O', 'ONROEREND_GOED', '', '', '');

INSERT INTO v_type_specialisation_group (CUBE_SEQUENCE, FK_BOT_NAME, FK_TYP_NAME, FK_TSG_CODE, CODE, NAME, PRIMARY_KEY, XF_ATB_TYP_NAME, XK_ATB_NAME)
	VALUES (1, 'PRODUKT', 'PRODUKT', 'SOORT', 'SOORT1', 'SOORT', 'N', '', '');

INSERT INTO v_type_specialisation (CUBE_SEQUENCE, FK_BOT_NAME, FK_TYP_NAME, FK_TSG_CODE, CODE, NAME, XF_TSP_TYP_NAME, XF_TSP_TSG_CODE, XK_TSP_CODE)
	VALUES (1, 'PRODUKT', 'PRODUKT', 'SOORT1', 'GARAGE', 'GARAGE', 'PRODUKT', 'SOORT', 'O');

INSERT INTO v_type_specialisation (CUBE_SEQUENCE, FK_BOT_NAME, FK_TYP_NAME, FK_TSG_CODE, CODE, NAME, XF_TSP_TYP_NAME, XF_TSP_TSG_CODE, XK_TSP_CODE)
	VALUES (2, 'PRODUKT', 'PRODUKT', 'SOORT1', 'WOON', 'WOONHUIS', 'PRODUKT', 'SOORT', 'O');

INSERT INTO v_type_specialisation (CUBE_SEQUENCE, FK_BOT_NAME, FK_TYP_NAME, FK_TSG_CODE, CODE, NAME, XF_TSP_TYP_NAME, XF_TSP_TSG_CODE, XK_TSP_CODE)
	VALUES (3, 'PRODUKT', 'PRODUKT', 'SOORT1', 'VERVOER', 'VERVOERMIDDEL', 'PRODUKT', 'SOORT', 'R');

INSERT INTO v_description_type (FK_BOT_NAME, FK_TYP_NAME, TEXT)
	VALUES ('PRODUKT', 'PRODUKT', 'Dit is een produkt');

INSERT INTO v_type (CUBE_SEQUENCE, FK_BOT_NAME, FK_TYP_NAME, NAME, CODE, FLAG_PARTIAL_KEY, FLAG_RECURSIVE, RECURSIVE_CARDINALITY, CARDINALITY, SORT_ORDER, ICON, TRANSFERABLE)
	VALUES (1, 'PRODUKT', 'PRODUKT', 'ONDERDEEL', 'OND', 'Y', 'Y', '2', '3', 'P', 'PART', 'Y');

INSERT INTO v_attribute (CUBE_SEQUENCE, FK_BOT_NAME, FK_TYP_NAME, NAME, PRIMARY_KEY, CODE_DISPLAY_KEY, CODE_FOREIGN_KEY, FLAG_HIDDEN, DEFAULT_VALUE, UNCHANGEABLE, XK_ITP_NAME)
	VALUES (1, 'PRODUKT', 'ONDERDEEL', 'CODE', 'Y', 'Y', 'N', 'N', '', 'N', 'CODE');

INSERT INTO v_attribute (CUBE_SEQUENCE, FK_BOT_NAME, FK_TYP_NAME, NAME, PRIMARY_KEY, CODE_DISPLAY_KEY, CODE_FOREIGN_KEY, FLAG_HIDDEN, DEFAULT_VALUE, UNCHANGEABLE, XK_ITP_NAME)
	VALUES (2, 'PRODUKT', 'ONDERDEEL', 'PRIJS', 'N', 'N', 'N', 'N', '', 'N', 'BEDRAG');

INSERT INTO v_attribute (CUBE_SEQUENCE, FK_BOT_NAME, FK_TYP_NAME, NAME, PRIMARY_KEY, CODE_DISPLAY_KEY, CODE_FOREIGN_KEY, FLAG_HIDDEN, DEFAULT_VALUE, UNCHANGEABLE, XK_ITP_NAME)
	VALUES (3, 'PRODUKT', 'ONDERDEEL', 'OMSCHRIJVING', 'N', 'N', 'N', 'N', '', 'N', 'OMSCHRIJVING');

INSERT INTO v_reference (CUBE_SEQUENCE, FK_BOT_NAME, FK_TYP_NAME, NAME, PRIMARY_KEY, CODE_DISPLAY_KEY, SEQUENCE, SCOPE, UNCHANGEABLE, WITHIN_SCOPE_LEVEL, XK_TYP_NAME, XK_TYP_NAME_1)
	VALUES (1, 'PRODUKT', 'ONDERDEEL', 'LIJKT_OP', 'N', 'N', 0, 'ALL', 'N', 0, 'ONDERDEEL', '');

INSERT INTO v_type_reuse (FK_BOT_NAME, FK_TYP_NAME, CARDINALITY, XK_TYP_NAME)
	VALUES ('PRODUKT', 'ONDERDEEL', 'N', 'ONDERDEEL');

INSERT INTO v_description_type (FK_BOT_NAME, FK_TYP_NAME, TEXT)
	VALUES ('PRODUKT', 'ONDERDEEL', 'Onderdeel van een produkt');

INSERT INTO v_type (CUBE_SEQUENCE, FK_BOT_NAME, FK_TYP_NAME, NAME, CODE, FLAG_PARTIAL_KEY, FLAG_RECURSIVE, RECURSIVE_CARDINALITY, CARDINALITY, SORT_ORDER, ICON, TRANSFERABLE)
	VALUES (1, 'PRODUKT', 'ONDERDEEL', 'ONDERDEEL_DEEL', 'ODD', 'N', 'N', ' ', '2', 'P', 'TYPE', 'Y');

INSERT INTO v_attribute (CUBE_SEQUENCE, FK_BOT_NAME, FK_TYP_NAME, NAME, PRIMARY_KEY, CODE_DISPLAY_KEY, CODE_FOREIGN_KEY, FLAG_HIDDEN, DEFAULT_VALUE, UNCHANGEABLE, XK_ITP_NAME)
	VALUES (1, 'PRODUKT', 'ONDERDEEL_DEEL', 'CODE', 'Y', 'Y', 'N', 'N', '', 'N', 'CODE');

INSERT INTO v_attribute (CUBE_SEQUENCE, FK_BOT_NAME, FK_TYP_NAME, NAME, PRIMARY_KEY, CODE_DISPLAY_KEY, CODE_FOREIGN_KEY, FLAG_HIDDEN, DEFAULT_VALUE, UNCHANGEABLE, XK_ITP_NAME)
	VALUES (2, 'PRODUKT', 'ONDERDEEL_DEEL', 'NAAM', 'N', 'N', 'N', 'N', '', 'N', 'NAAM');

INSERT INTO v_reference (CUBE_SEQUENCE, FK_BOT_NAME, FK_TYP_NAME, NAME, PRIMARY_KEY, CODE_DISPLAY_KEY, SEQUENCE, SCOPE, UNCHANGEABLE, WITHIN_SCOPE_LEVEL, XK_TYP_NAME, XK_TYP_NAME_1)
	VALUES (1, 'PRODUKT', 'ONDERDEEL_DEEL', 'IS_VAN', 'N', 'N', 0, 'PRA', 'N', 0, 'ONDERDEEL', '');

INSERT INTO v_type (CUBE_SEQUENCE, FK_BOT_NAME, FK_TYP_NAME, NAME, CODE, FLAG_PARTIAL_KEY, FLAG_RECURSIVE, RECURSIVE_CARDINALITY, CARDINALITY, SORT_ORDER, ICON, TRANSFERABLE)
	VALUES (1, 'PRODUKT', 'ONDERDEEL_DEEL', 'ONDERDEEL_DEEL_DEEL', 'DDD', 'N', 'N', ' ', 'N', 'P', 'ATTRIB', 'Y');

INSERT INTO v_attribute (CUBE_SEQUENCE, FK_BOT_NAME, FK_TYP_NAME, NAME, PRIMARY_KEY, CODE_DISPLAY_KEY, CODE_FOREIGN_KEY, FLAG_HIDDEN, DEFAULT_VALUE, UNCHANGEABLE, XK_ITP_NAME)
	VALUES (1, 'PRODUKT', 'ONDERDEEL_DEEL_DEEL', 'CODE', 'Y', 'Y', 'N', 'N', '', 'N', 'CODE');

INSERT INTO v_attribute (CUBE_SEQUENCE, FK_BOT_NAME, FK_TYP_NAME, NAME, PRIMARY_KEY, CODE_DISPLAY_KEY, CODE_FOREIGN_KEY, FLAG_HIDDEN, DEFAULT_VALUE, UNCHANGEABLE, XK_ITP_NAME)
	VALUES (2, 'PRODUKT', 'ONDERDEEL_DEEL_DEEL', 'NAAM', 'N', 'N', 'N', 'N', '', 'N', 'NAAM');

INSERT INTO v_reference (CUBE_SEQUENCE, FK_BOT_NAME, FK_TYP_NAME, NAME, PRIMARY_KEY, CODE_DISPLAY_KEY, SEQUENCE, SCOPE, UNCHANGEABLE, WITHIN_SCOPE_LEVEL, XK_TYP_NAME, XK_TYP_NAME_1)
	VALUES (1, 'PRODUKT', 'ONDERDEEL_DEEL_DEEL', 'IS_VAN', 'N', 'N', 0, 'PR1', 'N', 0, 'ONDERDEEL', '');

INSERT INTO v_business_object_type (CUBE_SEQUENCE, NAME, CUBE_TSG_INT_EXT, DIRECTORY, API_URL)
	VALUES (6, 'TEST_A', 'INT', 'Test_A', '');

INSERT INTO v_type (CUBE_SEQUENCE, FK_BOT_NAME, FK_TYP_NAME, NAME, CODE, FLAG_PARTIAL_KEY, FLAG_RECURSIVE, RECURSIVE_CARDINALITY, CARDINALITY, SORT_ORDER, ICON, TRANSFERABLE)
	VALUES (1, 'TEST_A', '', 'TEST_A', 'AAA', 'N', 'Y', 'N', 'N', 'P', 'TYPE', 'Y');

INSERT INTO v_attribute (CUBE_SEQUENCE, FK_BOT_NAME, FK_TYP_NAME, NAME, PRIMARY_KEY, CODE_DISPLAY_KEY, CODE_FOREIGN_KEY, FLAG_HIDDEN, DEFAULT_VALUE, UNCHANGEABLE, XK_ITP_NAME)
	VALUES (1, 'TEST_A', 'TEST_A', 'CODE', 'Y', 'Y', 'N', 'N', '', 'N', 'CODE');

INSERT INTO v_attribute (CUBE_SEQUENCE, FK_BOT_NAME, FK_TYP_NAME, NAME, PRIMARY_KEY, CODE_DISPLAY_KEY, CODE_FOREIGN_KEY, FLAG_HIDDEN, DEFAULT_VALUE, UNCHANGEABLE, XK_ITP_NAME)
	VALUES (2, 'TEST_A', 'TEST_A', 'NAAM', 'Y', 'N', 'N', 'N', '', 'N', 'NAAM');

INSERT INTO v_attribute (CUBE_SEQUENCE, FK_BOT_NAME, FK_TYP_NAME, NAME, PRIMARY_KEY, CODE_DISPLAY_KEY, CODE_FOREIGN_KEY, FLAG_HIDDEN, DEFAULT_VALUE, UNCHANGEABLE, XK_ITP_NAME)
	VALUES (3, 'TEST_A', 'TEST_A', 'NUMMER', 'Y', 'Y', 'N', 'N', '', 'N', 'INTEGER');

INSERT INTO v_attribute (CUBE_SEQUENCE, FK_BOT_NAME, FK_TYP_NAME, NAME, PRIMARY_KEY, CODE_DISPLAY_KEY, CODE_FOREIGN_KEY, FLAG_HIDDEN, DEFAULT_VALUE, UNCHANGEABLE, XK_ITP_NAME)
	VALUES (4, 'TEST_A', 'TEST_A', 'OMSCHRIJVING', 'N', 'N', 'N', 'N', '', 'N', 'OMSCHRIJVING');

INSERT INTO v_type (CUBE_SEQUENCE, FK_BOT_NAME, FK_TYP_NAME, NAME, CODE, FLAG_PARTIAL_KEY, FLAG_RECURSIVE, RECURSIVE_CARDINALITY, CARDINALITY, SORT_ORDER, ICON, TRANSFERABLE)
	VALUES (1, 'TEST_A', 'TEST_A', 'TEST_B_R', 'BBR', 'N', 'Y', 'N', 'N', 'P', 'TYPE', 'Y');

INSERT INTO v_attribute (CUBE_SEQUENCE, FK_BOT_NAME, FK_TYP_NAME, NAME, PRIMARY_KEY, CODE_DISPLAY_KEY, CODE_FOREIGN_KEY, FLAG_HIDDEN, DEFAULT_VALUE, UNCHANGEABLE, XK_ITP_NAME)
	VALUES (1, 'TEST_A', 'TEST_B_R', 'CODE', 'Y', 'Y', 'N', 'N', '', 'N', 'CODE');

INSERT INTO v_attribute (CUBE_SEQUENCE, FK_BOT_NAME, FK_TYP_NAME, NAME, PRIMARY_KEY, CODE_DISPLAY_KEY, CODE_FOREIGN_KEY, FLAG_HIDDEN, DEFAULT_VALUE, UNCHANGEABLE, XK_ITP_NAME)
	VALUES (2, 'TEST_A', 'TEST_B_R', 'NAAM', 'Y', 'Y', 'N', 'N', '', 'N', 'NAAM');

INSERT INTO v_attribute (CUBE_SEQUENCE, FK_BOT_NAME, FK_TYP_NAME, NAME, PRIMARY_KEY, CODE_DISPLAY_KEY, CODE_FOREIGN_KEY, FLAG_HIDDEN, DEFAULT_VALUE, UNCHANGEABLE, XK_ITP_NAME)
	VALUES (3, 'TEST_A', 'TEST_B_R', 'NUMMER', 'Y', 'Y', 'N', 'N', '', 'N', 'INTEGER');

INSERT INTO v_attribute (CUBE_SEQUENCE, FK_BOT_NAME, FK_TYP_NAME, NAME, PRIMARY_KEY, CODE_DISPLAY_KEY, CODE_FOREIGN_KEY, FLAG_HIDDEN, DEFAULT_VALUE, UNCHANGEABLE, XK_ITP_NAME)
	VALUES (4, 'TEST_A', 'TEST_B_R', 'OMSCHRIJVING', 'N', 'N', 'N', 'N', '', 'N', 'OMSCHRIJVING');

INSERT INTO v_type (CUBE_SEQUENCE, FK_BOT_NAME, FK_TYP_NAME, NAME, CODE, FLAG_PARTIAL_KEY, FLAG_RECURSIVE, RECURSIVE_CARDINALITY, CARDINALITY, SORT_ORDER, ICON, TRANSFERABLE)
	VALUES (2, 'TEST_A', 'TEST_A', 'TEST_B', 'BBB', 'N', 'N', 'N', 'N', 'P', 'TYPE', 'Y');

INSERT INTO v_attribute (CUBE_SEQUENCE, FK_BOT_NAME, FK_TYP_NAME, NAME, PRIMARY_KEY, CODE_DISPLAY_KEY, CODE_FOREIGN_KEY, FLAG_HIDDEN, DEFAULT_VALUE, UNCHANGEABLE, XK_ITP_NAME)
	VALUES (1, 'TEST_A', 'TEST_B', 'CODE', 'Y', 'Y', 'N', 'N', '', 'N', 'CODE');

INSERT INTO v_attribute (CUBE_SEQUENCE, FK_BOT_NAME, FK_TYP_NAME, NAME, PRIMARY_KEY, CODE_DISPLAY_KEY, CODE_FOREIGN_KEY, FLAG_HIDDEN, DEFAULT_VALUE, UNCHANGEABLE, XK_ITP_NAME)
	VALUES (2, 'TEST_A', 'TEST_B', 'NAAM', 'Y', 'Y', 'N', 'N', '', 'N', 'NAAM');

INSERT INTO v_attribute (CUBE_SEQUENCE, FK_BOT_NAME, FK_TYP_NAME, NAME, PRIMARY_KEY, CODE_DISPLAY_KEY, CODE_FOREIGN_KEY, FLAG_HIDDEN, DEFAULT_VALUE, UNCHANGEABLE, XK_ITP_NAME)
	VALUES (3, 'TEST_A', 'TEST_B', 'NUMMER', 'Y', 'Y', 'N', 'N', '', 'N', 'INTEGER');

INSERT INTO v_attribute (CUBE_SEQUENCE, FK_BOT_NAME, FK_TYP_NAME, NAME, PRIMARY_KEY, CODE_DISPLAY_KEY, CODE_FOREIGN_KEY, FLAG_HIDDEN, DEFAULT_VALUE, UNCHANGEABLE, XK_ITP_NAME)
	VALUES (4, 'TEST_A', 'TEST_B', 'OMSCHRIJVING', 'N', 'N', 'N', 'N', '', 'N', 'OMSCHRIJVING');

INSERT INTO v_type (CUBE_SEQUENCE, FK_BOT_NAME, FK_TYP_NAME, NAME, CODE, FLAG_PARTIAL_KEY, FLAG_RECURSIVE, RECURSIVE_CARDINALITY, CARDINALITY, SORT_ORDER, ICON, TRANSFERABLE)
	VALUES (1, 'TEST_A', 'TEST_B', 'TEST_C', 'CCC', 'N', 'N', 'N', 'N', 'N', 'TYPE', 'Y');

INSERT INTO v_attribute (CUBE_SEQUENCE, FK_BOT_NAME, FK_TYP_NAME, NAME, PRIMARY_KEY, CODE_DISPLAY_KEY, CODE_FOREIGN_KEY, FLAG_HIDDEN, DEFAULT_VALUE, UNCHANGEABLE, XK_ITP_NAME)
	VALUES (1, 'TEST_A', 'TEST_C', 'CODE', 'Y', 'Y', 'N', 'N', '', 'N', 'CODE');

INSERT INTO v_attribute (CUBE_SEQUENCE, FK_BOT_NAME, FK_TYP_NAME, NAME, PRIMARY_KEY, CODE_DISPLAY_KEY, CODE_FOREIGN_KEY, FLAG_HIDDEN, DEFAULT_VALUE, UNCHANGEABLE, XK_ITP_NAME)
	VALUES (2, 'TEST_A', 'TEST_C', 'NAAM', 'Y', 'Y', 'N', 'N', '', 'N', 'NAAM');

INSERT INTO v_attribute (CUBE_SEQUENCE, FK_BOT_NAME, FK_TYP_NAME, NAME, PRIMARY_KEY, CODE_DISPLAY_KEY, CODE_FOREIGN_KEY, FLAG_HIDDEN, DEFAULT_VALUE, UNCHANGEABLE, XK_ITP_NAME)
	VALUES (3, 'TEST_A', 'TEST_C', 'NUMMER', 'Y', 'Y', 'N', 'N', '', 'N', 'INTEGER');

INSERT INTO v_attribute (CUBE_SEQUENCE, FK_BOT_NAME, FK_TYP_NAME, NAME, PRIMARY_KEY, CODE_DISPLAY_KEY, CODE_FOREIGN_KEY, FLAG_HIDDEN, DEFAULT_VALUE, UNCHANGEABLE, XK_ITP_NAME)
	VALUES (4, 'TEST_A', 'TEST_C', 'OMSCHRIJVING', 'N', 'N', 'N', 'N', '', 'N', 'OMSCHRIJVING');

INSERT INTO v_type (CUBE_SEQUENCE, FK_BOT_NAME, FK_TYP_NAME, NAME, CODE, FLAG_PARTIAL_KEY, FLAG_RECURSIVE, RECURSIVE_CARDINALITY, CARDINALITY, SORT_ORDER, ICON, TRANSFERABLE)
	VALUES (1, 'TEST_A', 'TEST_C', 'TEST_D', 'TDD', 'N', 'N', 'N', 'N', 'N', 'TYPE', 'Y');

INSERT INTO v_attribute (CUBE_SEQUENCE, FK_BOT_NAME, FK_TYP_NAME, NAME, PRIMARY_KEY, CODE_DISPLAY_KEY, CODE_FOREIGN_KEY, FLAG_HIDDEN, DEFAULT_VALUE, UNCHANGEABLE, XK_ITP_NAME)
	VALUES (1, 'TEST_A', 'TEST_D', 'CODE', 'Y', 'Y', 'N', 'N', '', 'N', 'CODE');

INSERT INTO v_attribute (CUBE_SEQUENCE, FK_BOT_NAME, FK_TYP_NAME, NAME, PRIMARY_KEY, CODE_DISPLAY_KEY, CODE_FOREIGN_KEY, FLAG_HIDDEN, DEFAULT_VALUE, UNCHANGEABLE, XK_ITP_NAME)
	VALUES (2, 'TEST_A', 'TEST_D', 'NAAM', 'Y', 'Y', 'N', 'N', '', 'N', 'NAAM');

INSERT INTO v_attribute (CUBE_SEQUENCE, FK_BOT_NAME, FK_TYP_NAME, NAME, PRIMARY_KEY, CODE_DISPLAY_KEY, CODE_FOREIGN_KEY, FLAG_HIDDEN, DEFAULT_VALUE, UNCHANGEABLE, XK_ITP_NAME)
	VALUES (3, 'TEST_A', 'TEST_D', 'NUMMER', 'Y', 'Y', 'N', 'N', '', 'N', 'INTEGER');

INSERT INTO v_attribute (CUBE_SEQUENCE, FK_BOT_NAME, FK_TYP_NAME, NAME, PRIMARY_KEY, CODE_DISPLAY_KEY, CODE_FOREIGN_KEY, FLAG_HIDDEN, DEFAULT_VALUE, UNCHANGEABLE, XK_ITP_NAME)
	VALUES (4, 'TEST_A', 'TEST_D', 'OMSCHRIJVING', 'N', 'N', 'N', 'N', '', 'N', 'OMSCHRIJVING');

INSERT INTO v_type (CUBE_SEQUENCE, FK_BOT_NAME, FK_TYP_NAME, NAME, CODE, FLAG_PARTIAL_KEY, FLAG_RECURSIVE, RECURSIVE_CARDINALITY, CARDINALITY, SORT_ORDER, ICON, TRANSFERABLE)
	VALUES (3, 'TEST_A', 'TEST_A', 'TEST_B_K', 'BBK', 'Y', 'Y', 'N', 'N', 'P', 'TYPE', 'Y');

INSERT INTO v_attribute (CUBE_SEQUENCE, FK_BOT_NAME, FK_TYP_NAME, NAME, PRIMARY_KEY, CODE_DISPLAY_KEY, CODE_FOREIGN_KEY, FLAG_HIDDEN, DEFAULT_VALUE, UNCHANGEABLE, XK_ITP_NAME)
	VALUES (1, 'TEST_A', 'TEST_B_K', 'CODE', 'Y', 'Y', 'N', 'N', '', 'N', 'CODE');

INSERT INTO v_attribute (CUBE_SEQUENCE, FK_BOT_NAME, FK_TYP_NAME, NAME, PRIMARY_KEY, CODE_DISPLAY_KEY, CODE_FOREIGN_KEY, FLAG_HIDDEN, DEFAULT_VALUE, UNCHANGEABLE, XK_ITP_NAME)
	VALUES (2, 'TEST_A', 'TEST_B_K', 'NAAM', 'Y', 'Y', 'N', 'N', '', 'N', 'NAAM');

INSERT INTO v_attribute (CUBE_SEQUENCE, FK_BOT_NAME, FK_TYP_NAME, NAME, PRIMARY_KEY, CODE_DISPLAY_KEY, CODE_FOREIGN_KEY, FLAG_HIDDEN, DEFAULT_VALUE, UNCHANGEABLE, XK_ITP_NAME)
	VALUES (3, 'TEST_A', 'TEST_B_K', 'NUMMER', 'Y', 'Y', 'N', 'N', '', 'N', 'INTEGER');

INSERT INTO v_attribute (CUBE_SEQUENCE, FK_BOT_NAME, FK_TYP_NAME, NAME, PRIMARY_KEY, CODE_DISPLAY_KEY, CODE_FOREIGN_KEY, FLAG_HIDDEN, DEFAULT_VALUE, UNCHANGEABLE, XK_ITP_NAME)
	VALUES (4, 'TEST_A', 'TEST_B_K', 'OMSCHRIJVING', 'N', 'N', 'N', 'N', '', 'N', 'OMSCHRIJVING');

INSERT INTO v_business_object_type (CUBE_SEQUENCE, NAME, CUBE_TSG_INT_EXT, DIRECTORY, API_URL)
	VALUES (7, 'CUSTOMER', 'INT', 'Customers', '');

INSERT INTO v_type (CUBE_SEQUENCE, FK_BOT_NAME, FK_TYP_NAME, NAME, CODE, FLAG_PARTIAL_KEY, FLAG_RECURSIVE, RECURSIVE_CARDINALITY, CARDINALITY, SORT_ORDER, ICON, TRANSFERABLE)
	VALUES (1, 'CUSTOMER', '', 'CUSTOMER', 'CUS', 'N', 'N', 'N', 'N', 'K', 'KLANT', 'Y');

INSERT INTO v_attribute (CUBE_SEQUENCE, FK_BOT_NAME, FK_TYP_NAME, NAME, PRIMARY_KEY, CODE_DISPLAY_KEY, CODE_FOREIGN_KEY, FLAG_HIDDEN, DEFAULT_VALUE, UNCHANGEABLE, XK_ITP_NAME)
	VALUES (1, 'CUSTOMER', 'CUSTOMER', 'BB', 'N', 'N', 'N', 'N', '', 'N', '');

INSERT INTO v_attribute (CUBE_SEQUENCE, FK_BOT_NAME, FK_TYP_NAME, NAME, PRIMARY_KEY, CODE_DISPLAY_KEY, CODE_FOREIGN_KEY, FLAG_HIDDEN, DEFAULT_VALUE, UNCHANGEABLE, XK_ITP_NAME)
	VALUES (2, 'CUSTOMER', 'CUSTOMER', 'AA', 'N', 'N', 'N', 'N', '', 'N', '');

INSERT INTO v_attribute (CUBE_SEQUENCE, FK_BOT_NAME, FK_TYP_NAME, NAME, PRIMARY_KEY, CODE_DISPLAY_KEY, CODE_FOREIGN_KEY, FLAG_HIDDEN, DEFAULT_VALUE, UNCHANGEABLE, XK_ITP_NAME)
	VALUES (3, 'CUSTOMER', 'CUSTOMER', 'CC', 'N', 'N', 'N', 'N', '', 'N', '');

INSERT INTO v_business_object_type (CUBE_SEQUENCE, NAME, CUBE_TSG_INT_EXT, DIRECTORY, API_URL)
	VALUES (8, 'PRODUCT', 'INT', 'Products', '');

--
-- Insert SYSTEM business object types
--
INSERT INTO v_system (NAME, DATABASE, SCHEMA, PASSWORD)
	VALUES ('CubeDemo', 'composys', 'cubedemo', 'composys');

INSERT INTO v_system_bo_type (CUBE_SEQUENCE, FK_SYS_NAME, XK_BOT_NAME)
	VALUES (1, 'CubeDemo', 'KENTEKEN_VOERTUIG');

INSERT INTO v_system_bo_type (CUBE_SEQUENCE, FK_SYS_NAME, XK_BOT_NAME)
	VALUES (2, 'CubeDemo', 'POSTCODE_ADRES');

INSERT INTO v_system (NAME, DATABASE, SCHEMA, PASSWORD)
	VALUES ('CubeTest', 'composys', 'cubetest', 'composys');

INSERT INTO v_system_bo_type (CUBE_SEQUENCE, FK_SYS_NAME, XK_BOT_NAME)
	VALUES (1, 'CubeTest', 'PRODUKT');

INSERT INTO v_system (NAME, DATABASE, SCHEMA, PASSWORD)
	VALUES ('Voorbeeld', 'composys', 'voorbeeld', 'composys');

INSERT INTO v_system_bo_type (CUBE_SEQUENCE, FK_SYS_NAME, XK_BOT_NAME)
	VALUES (1, 'Voorbeeld', 'KLANT');

INSERT INTO v_system_bo_type (CUBE_SEQUENCE, FK_SYS_NAME, XK_BOT_NAME)
	VALUES (2, 'Voorbeeld', 'PRODUKT');

INSERT INTO v_system_bo_type (CUBE_SEQUENCE, FK_SYS_NAME, XK_BOT_NAME)
	VALUES (3, 'Voorbeeld', 'ORDER');

INSERT INTO v_system_bo_type (CUBE_SEQUENCE, FK_SYS_NAME, XK_BOT_NAME)
	VALUES (4, 'Voorbeeld', 'TEST_A');

EXIT;
