----------------------------------------------------------
-- CubeTool Model Import DML
--
-- Model: Systems\CubeRoot\CubeModel.cgm
----------------------------------------------------------
--
-- Delete All
--
DELETE v_information_type;
DELETE v_information_type_element;
DELETE v_permitted_value;
DELETE v_business_object_type;
DELETE v_type;
DELETE v_attribute;
DELETE v_derivation;
DELETE v_description_attribute;
DELETE v_restriction_type_spec_atb;
DELETE v_reference;
DELETE v_description_reference;
DELETE v_restriction_type_spec_ref;
DELETE v_restriction_type_spec_typ;
DELETE v_type_reuse;
DELETE v_partition;
DELETE v_subtype;
DELETE v_type_specialisation_group;
DELETE v_type_specialisation;
DELETE v_description_type;
DELETE v_system;
DELETE v_system_bo_type;
--
-- Insert INFORMATION_TYPE business object types
--
INSERT INTO v_information_type (NAME)
	VALUES ('AGGREGATION');

INSERT INTO v_information_type_element (FK_ITP_NAME, SEQUENCE, SUFFIX, DOMAIN, LENGTH, DECIMALS, CASE_SENSITIVE, DEFAULT_VALUE, SPACES_ALLOWED, PRESENTATION)
	VALUES ('AGGREGATION', 1, '#', 'TEXT', 3, 0, 'N', 'SUM', 'N', 'N');

INSERT INTO v_permitted_value (CUBE_SEQUENCE, FK_ITP_NAME, FK_ITE_SEQUENCE, CODE, PROMPT)
	VALUES (1, 'AGGREGATION', 1, 'SUM', 'Sum');

INSERT INTO v_permitted_value (CUBE_SEQUENCE, FK_ITP_NAME, FK_ITE_SEQUENCE, CODE, PROMPT)
	VALUES (2, 'AGGREGATION', 1, 'AVG', 'Average');

INSERT INTO v_permitted_value (CUBE_SEQUENCE, FK_ITP_NAME, FK_ITE_SEQUENCE, CODE, PROMPT)
	VALUES (3, 'AGGREGATION', 1, 'MIN', 'Minimum');

INSERT INTO v_permitted_value (CUBE_SEQUENCE, FK_ITP_NAME, FK_ITE_SEQUENCE, CODE, PROMPT)
	VALUES (4, 'AGGREGATION', 1, 'MAX', 'Maximum');

INSERT INTO v_information_type (NAME)
	VALUES ('CARDINALITY');

INSERT INTO v_information_type_element (FK_ITP_NAME, SEQUENCE, SUFFIX, DOMAIN, LENGTH, DECIMALS, CASE_SENSITIVE, DEFAULT_VALUE, SPACES_ALLOWED, PRESENTATION)
	VALUES ('CARDINALITY', 1, '#', 'TEXT', 1, 0, 'N', 'N', 'Y', 'LIN');

INSERT INTO v_permitted_value (CUBE_SEQUENCE, FK_ITP_NAME, FK_ITE_SEQUENCE, CODE, PROMPT)
	VALUES (1, 'CARDINALITY', 1, '1', '1');

INSERT INTO v_permitted_value (CUBE_SEQUENCE, FK_ITP_NAME, FK_ITE_SEQUENCE, CODE, PROMPT)
	VALUES (2, 'CARDINALITY', 1, '2', '2');

INSERT INTO v_permitted_value (CUBE_SEQUENCE, FK_ITP_NAME, FK_ITE_SEQUENCE, CODE, PROMPT)
	VALUES (3, 'CARDINALITY', 1, '3', '3');

INSERT INTO v_permitted_value (CUBE_SEQUENCE, FK_ITP_NAME, FK_ITE_SEQUENCE, CODE, PROMPT)
	VALUES (4, 'CARDINALITY', 1, '4', '4');

INSERT INTO v_permitted_value (CUBE_SEQUENCE, FK_ITP_NAME, FK_ITE_SEQUENCE, CODE, PROMPT)
	VALUES (5, 'CARDINALITY', 1, '5', '5');

INSERT INTO v_permitted_value (CUBE_SEQUENCE, FK_ITP_NAME, FK_ITE_SEQUENCE, CODE, PROMPT)
	VALUES (6, 'CARDINALITY', 1, 'N', 'Many');

INSERT INTO v_information_type (NAME)
	VALUES ('CODE');

INSERT INTO v_information_type_element (FK_ITP_NAME, SEQUENCE, SUFFIX, DOMAIN, LENGTH, DECIMALS, CASE_SENSITIVE, DEFAULT_VALUE, SPACES_ALLOWED, PRESENTATION)
	VALUES ('CODE', 1, '#', 'TEXT', 16, 0, 'N', '', 'N', 'LIN');

INSERT INTO v_information_type (NAME)
	VALUES ('CODE3');

INSERT INTO v_information_type_element (FK_ITP_NAME, SEQUENCE, SUFFIX, DOMAIN, LENGTH, DECIMALS, CASE_SENSITIVE, DEFAULT_VALUE, SPACES_ALLOWED, PRESENTATION)
	VALUES ('CODE3', 1, '#', 'TEXT', 3, 0, 'N', '', 'N', 'LIN');

INSERT INTO v_information_type (NAME)
	VALUES ('CODE_DISPLAY_KEY');

INSERT INTO v_information_type_element (FK_ITP_NAME, SEQUENCE, SUFFIX, DOMAIN, LENGTH, DECIMALS, CASE_SENSITIVE, DEFAULT_VALUE, SPACES_ALLOWED, PRESENTATION)
	VALUES ('CODE_DISPLAY_KEY', 1, '#', 'TEXT', 1, 0, 'N', 'N', 'N', 'LIN');

INSERT INTO v_permitted_value (CUBE_SEQUENCE, FK_ITP_NAME, FK_ITE_SEQUENCE, CODE, PROMPT)
	VALUES (1, 'CODE_DISPLAY_KEY', 1, 'Y', 'Yes');

INSERT INTO v_permitted_value (CUBE_SEQUENCE, FK_ITP_NAME, FK_ITE_SEQUENCE, CODE, PROMPT)
	VALUES (2, 'CODE_DISPLAY_KEY', 1, 'S', 'Sub');

INSERT INTO v_permitted_value (CUBE_SEQUENCE, FK_ITP_NAME, FK_ITE_SEQUENCE, CODE, PROMPT)
	VALUES (3, 'CODE_DISPLAY_KEY', 1, 'N', 'No');

INSERT INTO v_information_type (NAME)
	VALUES ('CODING');

INSERT INTO v_information_type_element (FK_ITP_NAME, SEQUENCE, SUFFIX, DOMAIN, LENGTH, DECIMALS, CASE_SENSITIVE, DEFAULT_VALUE, SPACES_ALLOWED, PRESENTATION)
	VALUES ('CODING', 1, '#', 'TEXT', 3999, 0, 'Y', '', 'Y', 'COD');

INSERT INTO v_information_type (NAME)
	VALUES ('DEFAULT_VALUE');

INSERT INTO v_information_type_element (FK_ITP_NAME, SEQUENCE, SUFFIX, DOMAIN, LENGTH, DECIMALS, CASE_SENSITIVE, DEFAULT_VALUE, SPACES_ALLOWED, PRESENTATION)
	VALUES ('DEFAULT_VALUE', 1, '#', 'TEXT', 40, 0, 'Y', '', 'Y', 'LIN');

INSERT INTO v_information_type (NAME)
	VALUES ('DESCRIPTION');

INSERT INTO v_information_type_element (FK_ITP_NAME, SEQUENCE, SUFFIX, DOMAIN, LENGTH, DECIMALS, CASE_SENSITIVE, DEFAULT_VALUE, SPACES_ALLOWED, PRESENTATION)
	VALUES ('DESCRIPTION', 1, '#', 'TEXT', 3999, 0, 'Y', '', 'Y', 'DES');

INSERT INTO v_information_type (NAME)
	VALUES ('DOMAIN');

INSERT INTO v_information_type_element (FK_ITP_NAME, SEQUENCE, SUFFIX, DOMAIN, LENGTH, DECIMALS, CASE_SENSITIVE, DEFAULT_VALUE, SPACES_ALLOWED, PRESENTATION)
	VALUES ('DOMAIN', 1, '#', 'TEXT', 16, 0, 'Y', 'TEXT', 'N', 'LIN');

INSERT INTO v_permitted_value (CUBE_SEQUENCE, FK_ITP_NAME, FK_ITE_SEQUENCE, CODE, PROMPT)
	VALUES (1, 'DOMAIN', 1, 'TEXT', 'Text');

INSERT INTO v_permitted_value (CUBE_SEQUENCE, FK_ITP_NAME, FK_ITE_SEQUENCE, CODE, PROMPT)
	VALUES (2, 'DOMAIN', 1, 'NUMBER', 'Number');

INSERT INTO v_permitted_value (CUBE_SEQUENCE, FK_ITP_NAME, FK_ITE_SEQUENCE, CODE, PROMPT)
	VALUES (3, 'DOMAIN', 1, 'DATE', 'Date');

INSERT INTO v_permitted_value (CUBE_SEQUENCE, FK_ITP_NAME, FK_ITE_SEQUENCE, CODE, PROMPT)
	VALUES (4, 'DOMAIN', 1, 'TIME', 'Time');

INSERT INTO v_permitted_value (CUBE_SEQUENCE, FK_ITP_NAME, FK_ITE_SEQUENCE, CODE, PROMPT)
	VALUES (5, 'DOMAIN', 1, 'DATETIME-LOCAL', 'Timestamp');

INSERT INTO v_information_type (NAME)
	VALUES ('FLAG');

INSERT INTO v_information_type_element (FK_ITP_NAME, SEQUENCE, SUFFIX, DOMAIN, LENGTH, DECIMALS, CASE_SENSITIVE, DEFAULT_VALUE, SPACES_ALLOWED, PRESENTATION)
	VALUES ('FLAG', 1, '#', 'TEXT', 1, 0, 'Y', 'N', 'Y', 'LIN');

INSERT INTO v_permitted_value (CUBE_SEQUENCE, FK_ITP_NAME, FK_ITE_SEQUENCE, CODE, PROMPT)
	VALUES (1, 'FLAG', 1, 'Y', 'Yes');

INSERT INTO v_permitted_value (CUBE_SEQUENCE, FK_ITP_NAME, FK_ITE_SEQUENCE, CODE, PROMPT)
	VALUES (2, 'FLAG', 1, 'N', 'No');

INSERT INTO v_information_type (NAME)
	VALUES ('FOREIGN_KEY_TYPE');

INSERT INTO v_information_type_element (FK_ITP_NAME, SEQUENCE, SUFFIX, DOMAIN, LENGTH, DECIMALS, CASE_SENSITIVE, DEFAULT_VALUE, SPACES_ALLOWED, PRESENTATION)
	VALUES ('FOREIGN_KEY_TYPE', 1, '#', 'TEXT', 1, 0, 'Y', 'N', 'Y', 'LIN');

INSERT INTO v_permitted_value (CUBE_SEQUENCE, FK_ITP_NAME, FK_ITE_SEQUENCE, CODE, PROMPT)
	VALUES (1, 'FOREIGN_KEY_TYPE', 1, 'N', 'None');

INSERT INTO v_information_type (NAME)
	VALUES ('HEADER');

INSERT INTO v_information_type_element (FK_ITP_NAME, SEQUENCE, SUFFIX, DOMAIN, LENGTH, DECIMALS, CASE_SENSITIVE, DEFAULT_VALUE, SPACES_ALLOWED, PRESENTATION)
	VALUES ('HEADER', 1, '#', 'TEXT', 40, 0, 'Y', '', 'Y', 'LIN');

INSERT INTO v_information_type (NAME)
	VALUES ('ICON');

INSERT INTO v_information_type_element (FK_ITP_NAME, SEQUENCE, SUFFIX, DOMAIN, LENGTH, DECIMALS, CASE_SENSITIVE, DEFAULT_VALUE, SPACES_ALLOWED, PRESENTATION)
	VALUES ('ICON', 1, '#', 'TEXT', 8, 0, 'N', '', 'N', 'LIN');

INSERT INTO v_information_type (NAME)
	VALUES ('INCLUDE_OR_EXCLUDE');

INSERT INTO v_information_type_element (FK_ITP_NAME, SEQUENCE, SUFFIX, DOMAIN, LENGTH, DECIMALS, CASE_SENSITIVE, DEFAULT_VALUE, SPACES_ALLOWED, PRESENTATION)
	VALUES ('INCLUDE_OR_EXCLUDE', 1, '#', 'TEXT', 2, 0, 'N', 'IN', 'N', 'LIN');

INSERT INTO v_permitted_value (CUBE_SEQUENCE, FK_ITP_NAME, FK_ITE_SEQUENCE, CODE, PROMPT)
	VALUES (1, 'INCLUDE_OR_EXCLUDE', 1, 'IN', 'Include');

INSERT INTO v_permitted_value (CUBE_SEQUENCE, FK_ITP_NAME, FK_ITE_SEQUENCE, CODE, PROMPT)
	VALUES (2, 'INCLUDE_OR_EXCLUDE', 1, 'EX', 'Exclude');

INSERT INTO v_information_type (NAME)
	VALUES ('INTEGER');

INSERT INTO v_information_type_element (FK_ITP_NAME, SEQUENCE, SUFFIX, DOMAIN, LENGTH, DECIMALS, CASE_SENSITIVE, DEFAULT_VALUE, SPACES_ALLOWED, PRESENTATION)
	VALUES ('INTEGER', 1, '#', 'NUMBER', 8, 0, '', '0', '', 'LIN');

INSERT INTO v_information_type (NAME)
	VALUES ('LONG_NAME');

INSERT INTO v_information_type_element (FK_ITP_NAME, SEQUENCE, SUFFIX, DOMAIN, LENGTH, DECIMALS, CASE_SENSITIVE, DEFAULT_VALUE, SPACES_ALLOWED, PRESENTATION)
	VALUES ('LONG_NAME', 1, '#', 'TEXT', 80, 0, 'Y', '', 'N', 'LIN');

INSERT INTO v_information_type (NAME)
	VALUES ('NAME');

INSERT INTO v_information_type_element (FK_ITP_NAME, SEQUENCE, SUFFIX, DOMAIN, LENGTH, DECIMALS, CASE_SENSITIVE, DEFAULT_VALUE, SPACES_ALLOWED, PRESENTATION)
	VALUES ('NAME', 1, '#', 'TEXT', 30, 0, 'Y', '', 'N', 'LIN');

INSERT INTO v_information_type (NAME)
	VALUES ('NUM1');

INSERT INTO v_information_type_element (FK_ITP_NAME, SEQUENCE, SUFFIX, DOMAIN, LENGTH, DECIMALS, CASE_SENSITIVE, DEFAULT_VALUE, SPACES_ALLOWED, PRESENTATION)
	VALUES ('NUM1', 1, '#', 'NUMBER', 1, 0, '', '0', '', 'LIN');

INSERT INTO v_information_type (NAME)
	VALUES ('OBJECT_LIST');

INSERT INTO v_information_type_element (FK_ITP_NAME, SEQUENCE, SUFFIX, DOMAIN, LENGTH, DECIMALS, CASE_SENSITIVE, DEFAULT_VALUE, SPACES_ALLOWED, PRESENTATION)
	VALUES ('OBJECT_LIST', 1, '#', 'TEXT', 120, 0, 'N', '', 'Y', 'LIN');

INSERT INTO v_information_type (NAME)
	VALUES ('OBJECT_NAME');

INSERT INTO v_information_type_element (FK_ITP_NAME, SEQUENCE, SUFFIX, DOMAIN, LENGTH, DECIMALS, CASE_SENSITIVE, DEFAULT_VALUE, SPACES_ALLOWED, PRESENTATION)
	VALUES ('OBJECT_NAME', 1, '#', 'TEXT', 30, 0, 'N', '', 'N', 'LIN');

INSERT INTO v_information_type (NAME)
	VALUES ('PASSWORD');

INSERT INTO v_information_type_element (FK_ITP_NAME, SEQUENCE, SUFFIX, DOMAIN, LENGTH, DECIMALS, CASE_SENSITIVE, DEFAULT_VALUE, SPACES_ALLOWED, PRESENTATION)
	VALUES ('PASSWORD', 1, '#', 'TEXT', 20, 0, 'Y', '', 'N', 'LIN');

INSERT INTO v_information_type (NAME)
	VALUES ('PRESENTATION');

INSERT INTO v_information_type_element (FK_ITP_NAME, SEQUENCE, SUFFIX, DOMAIN, LENGTH, DECIMALS, CASE_SENSITIVE, DEFAULT_VALUE, SPACES_ALLOWED, PRESENTATION)
	VALUES ('PRESENTATION', 1, '#', 'TEXT', 3, 0, 'N', 'LIN', 'N', 'LIN');

INSERT INTO v_permitted_value (CUBE_SEQUENCE, FK_ITP_NAME, FK_ITE_SEQUENCE, CODE, PROMPT)
	VALUES (1, 'PRESENTATION', 1, 'LIN', 'Line');

INSERT INTO v_permitted_value (CUBE_SEQUENCE, FK_ITP_NAME, FK_ITE_SEQUENCE, CODE, PROMPT)
	VALUES (2, 'PRESENTATION', 1, 'DES', 'Description');

INSERT INTO v_permitted_value (CUBE_SEQUENCE, FK_ITP_NAME, FK_ITE_SEQUENCE, CODE, PROMPT)
	VALUES (3, 'PRESENTATION', 1, 'COD', 'Code');

INSERT INTO v_information_type (NAME)
	VALUES ('SCOPE_LEVEL');

INSERT INTO v_information_type_element (FK_ITP_NAME, SEQUENCE, SUFFIX, DOMAIN, LENGTH, DECIMALS, CASE_SENSITIVE, DEFAULT_VALUE, SPACES_ALLOWED, PRESENTATION)
	VALUES ('SCOPE_LEVEL', 1, '#', 'NUMBER', 1, 0, 'N', '0', ' ', 'LIN');

INSERT INTO v_information_type (NAME)
	VALUES ('SCOPE_TYPE');

INSERT INTO v_information_type_element (FK_ITP_NAME, SEQUENCE, SUFFIX, DOMAIN, LENGTH, DECIMALS, CASE_SENSITIVE, DEFAULT_VALUE, SPACES_ALLOWED, PRESENTATION)
	VALUES ('SCOPE_TYPE', 0, '#', 'TEXT', 3, 0, 'N', 'ALL', 'N', 'LIN');

INSERT INTO v_permitted_value (CUBE_SEQUENCE, FK_ITP_NAME, FK_ITE_SEQUENCE, CODE, PROMPT)
	VALUES (1, 'SCOPE_TYPE', 0, 'ALL', 'All');

INSERT INTO v_permitted_value (CUBE_SEQUENCE, FK_ITP_NAME, FK_ITE_SEQUENCE, CODE, PROMPT)
	VALUES (2, 'SCOPE_TYPE', 0, 'ENC', 'Encapsulated');

INSERT INTO v_permitted_value (CUBE_SEQUENCE, FK_ITP_NAME, FK_ITE_SEQUENCE, CODE, PROMPT)
	VALUES (3, 'SCOPE_TYPE', 0, 'PRA', 'Parents all');

INSERT INTO v_permitted_value (CUBE_SEQUENCE, FK_ITP_NAME, FK_ITE_SEQUENCE, CODE, PROMPT)
	VALUES (4, 'SCOPE_TYPE', 0, 'PR1', 'Parents first level');

INSERT INTO v_permitted_value (CUBE_SEQUENCE, FK_ITP_NAME, FK_ITE_SEQUENCE, CODE, PROMPT)
	VALUES (5, 'SCOPE_TYPE', 0, 'CHA', 'Children all');

INSERT INTO v_permitted_value (CUBE_SEQUENCE, FK_ITP_NAME, FK_ITE_SEQUENCE, CODE, PROMPT)
	VALUES (6, 'SCOPE_TYPE', 0, 'CH1', 'Children first level');

INSERT INTO v_information_type (NAME)
	VALUES ('SORT_TYPE');

INSERT INTO v_information_type_element (FK_ITP_NAME, SEQUENCE, SUFFIX, DOMAIN, LENGTH, DECIMALS, CASE_SENSITIVE, DEFAULT_VALUE, SPACES_ALLOWED, PRESENTATION)
	VALUES ('SORT_TYPE', 1, '#', 'TEXT', 1, 0, 'Y', 'N', 'Y', 'LIN');

INSERT INTO v_permitted_value (CUBE_SEQUENCE, FK_ITP_NAME, FK_ITE_SEQUENCE, CODE, PROMPT)
	VALUES (1, 'SORT_TYPE', 1, 'N', 'No sort');

INSERT INTO v_permitted_value (CUBE_SEQUENCE, FK_ITP_NAME, FK_ITE_SEQUENCE, CODE, PROMPT)
	VALUES (2, 'SORT_TYPE', 1, 'K', 'Key');

INSERT INTO v_permitted_value (CUBE_SEQUENCE, FK_ITP_NAME, FK_ITE_SEQUENCE, CODE, PROMPT)
	VALUES (3, 'SORT_TYPE', 1, 'P', 'Position');

INSERT INTO v_information_type (NAME)
	VALUES ('SUFFIX');

INSERT INTO v_information_type_element (FK_ITP_NAME, SEQUENCE, SUFFIX, DOMAIN, LENGTH, DECIMALS, CASE_SENSITIVE, DEFAULT_VALUE, SPACES_ALLOWED, PRESENTATION)
	VALUES ('SUFFIX', 1, '#', 'TEXT', 12, 0, 'Y', '', 'N', 'LIN');

INSERT INTO v_information_type (NAME)
	VALUES ('TEXT32');

INSERT INTO v_information_type_element (FK_ITP_NAME, SEQUENCE, SUFFIX, DOMAIN, LENGTH, DECIMALS, CASE_SENSITIVE, DEFAULT_VALUE, SPACES_ALLOWED, PRESENTATION)
	VALUES ('TEXT32', 1, '#', 'TEXT', 32, 0, 'Y', '', 'Y', 'LIN');

INSERT INTO v_information_type (NAME)
	VALUES ('URL');

INSERT INTO v_information_type_element (FK_ITP_NAME, SEQUENCE, SUFFIX, DOMAIN, LENGTH, DECIMALS, CASE_SENSITIVE, DEFAULT_VALUE, SPACES_ALLOWED, PRESENTATION)
	VALUES ('URL', 1, '#', 'TEXT', 300, 0, 'Y', '', 'N', 'LIN');

--
-- Insert BUSINESS_OBJECT_TYPE business object types
--
INSERT INTO v_business_object_type (CUBE_SEQUENCE, NAME, CUBE_TSG_TYPE, DIRECTORY, API_URL)
	VALUES (1, 'INFORMATION_TYPE', 'INT', 'Information_Types', 'ITP');

INSERT INTO v_type (CUBE_SEQUENCE, FK_BOT_NAME, FK_TYP_NAME, NAME, CODE, FLAG_PARTIAL_KEY, FLAG_RECURSIVE, RECURSIVE_CARDINALITY, CARDINALITY, SORT_ORDER, ICON, TRANSFERABLE)
	VALUES (1, 'INFORMATION_TYPE', '', 'INFORMATION_TYPE', 'ITP', 'N', 'N', '', 'N', 'K', 'INFTYPE', 'Y');

INSERT INTO v_attribute (CUBE_SEQUENCE, FK_BOT_NAME, FK_TYP_NAME, NAME, PRIMARY_KEY, CODE_DISPLAY_KEY, CODE_FOREIGN_KEY, FLAG_HIDDEN, DEFAULT_VALUE, UNCHANGEABLE, XK_ITP_NAME)
	VALUES (1, 'INFORMATION_TYPE', 'INFORMATION_TYPE', 'NAME', 'Y', 'Y', 'N', 'N', '', 'N', 'OBJECT_NAME');

INSERT INTO v_type (CUBE_SEQUENCE, FK_BOT_NAME, FK_TYP_NAME, NAME, CODE, FLAG_PARTIAL_KEY, FLAG_RECURSIVE, RECURSIVE_CARDINALITY, CARDINALITY, SORT_ORDER, ICON, TRANSFERABLE)
	VALUES (1, 'INFORMATION_TYPE', 'INFORMATION_TYPE', 'INFORMATION_TYPE_ELEMENT', 'ITE', 'Y', 'N', '', 'N', 'K', 'INFELEM', 'Y');

INSERT INTO v_attribute (CUBE_SEQUENCE, FK_BOT_NAME, FK_TYP_NAME, NAME, PRIMARY_KEY, CODE_DISPLAY_KEY, CODE_FOREIGN_KEY, FLAG_HIDDEN, DEFAULT_VALUE, UNCHANGEABLE, XK_ITP_NAME)
	VALUES (1, 'INFORMATION_TYPE', 'INFORMATION_TYPE_ELEMENT', 'SEQUENCE', 'Y', 'N', 'N', 'N', '', 'N', 'INTEGER');

INSERT INTO v_attribute (CUBE_SEQUENCE, FK_BOT_NAME, FK_TYP_NAME, NAME, PRIMARY_KEY, CODE_DISPLAY_KEY, CODE_FOREIGN_KEY, FLAG_HIDDEN, DEFAULT_VALUE, UNCHANGEABLE, XK_ITP_NAME)
	VALUES (2, 'INFORMATION_TYPE', 'INFORMATION_TYPE_ELEMENT', 'SUFFIX', 'N', 'Y', 'N', 'N', '', 'N', 'SUFFIX');

INSERT INTO v_attribute (CUBE_SEQUENCE, FK_BOT_NAME, FK_TYP_NAME, NAME, PRIMARY_KEY, CODE_DISPLAY_KEY, CODE_FOREIGN_KEY, FLAG_HIDDEN, DEFAULT_VALUE, UNCHANGEABLE, XK_ITP_NAME)
	VALUES (3, 'INFORMATION_TYPE', 'INFORMATION_TYPE_ELEMENT', 'DOMAIN', 'N', 'S', 'N', 'N', '', 'N', 'DOMAIN');

INSERT INTO v_attribute (CUBE_SEQUENCE, FK_BOT_NAME, FK_TYP_NAME, NAME, PRIMARY_KEY, CODE_DISPLAY_KEY, CODE_FOREIGN_KEY, FLAG_HIDDEN, DEFAULT_VALUE, UNCHANGEABLE, XK_ITP_NAME)
	VALUES (4, 'INFORMATION_TYPE', 'INFORMATION_TYPE_ELEMENT', 'LENGTH', 'N', 'N', 'N', 'N', '', 'N', 'INTEGER');

INSERT INTO v_attribute (CUBE_SEQUENCE, FK_BOT_NAME, FK_TYP_NAME, NAME, PRIMARY_KEY, CODE_DISPLAY_KEY, CODE_FOREIGN_KEY, FLAG_HIDDEN, DEFAULT_VALUE, UNCHANGEABLE, XK_ITP_NAME)
	VALUES (5, 'INFORMATION_TYPE', 'INFORMATION_TYPE_ELEMENT', 'DECIMALS', 'N', 'N', 'N', 'N', '', 'N', 'INTEGER');

INSERT INTO v_attribute (CUBE_SEQUENCE, FK_BOT_NAME, FK_TYP_NAME, NAME, PRIMARY_KEY, CODE_DISPLAY_KEY, CODE_FOREIGN_KEY, FLAG_HIDDEN, DEFAULT_VALUE, UNCHANGEABLE, XK_ITP_NAME)
	VALUES (6, 'INFORMATION_TYPE', 'INFORMATION_TYPE_ELEMENT', 'CASE_SENSITIVE', 'N', 'N', 'N', 'N', '', 'N', 'FLAG');

INSERT INTO v_attribute (CUBE_SEQUENCE, FK_BOT_NAME, FK_TYP_NAME, NAME, PRIMARY_KEY, CODE_DISPLAY_KEY, CODE_FOREIGN_KEY, FLAG_HIDDEN, DEFAULT_VALUE, UNCHANGEABLE, XK_ITP_NAME)
	VALUES (7, 'INFORMATION_TYPE', 'INFORMATION_TYPE_ELEMENT', 'DEFAULT_VALUE', 'N', 'N', 'N', 'N', '', 'N', 'TEXT32');

INSERT INTO v_attribute (CUBE_SEQUENCE, FK_BOT_NAME, FK_TYP_NAME, NAME, PRIMARY_KEY, CODE_DISPLAY_KEY, CODE_FOREIGN_KEY, FLAG_HIDDEN, DEFAULT_VALUE, UNCHANGEABLE, XK_ITP_NAME)
	VALUES (8, 'INFORMATION_TYPE', 'INFORMATION_TYPE_ELEMENT', 'SPACES_ALLOWED', 'N', 'N', 'N', 'N', '', 'N', 'FLAG');

INSERT INTO v_attribute (CUBE_SEQUENCE, FK_BOT_NAME, FK_TYP_NAME, NAME, PRIMARY_KEY, CODE_DISPLAY_KEY, CODE_FOREIGN_KEY, FLAG_HIDDEN, DEFAULT_VALUE, UNCHANGEABLE, XK_ITP_NAME)
	VALUES (9, 'INFORMATION_TYPE', 'INFORMATION_TYPE_ELEMENT', 'PRESENTATION', 'N', 'N', 'N', 'N', '', 'N', 'PRESENTATION');

INSERT INTO v_description_attribute (FK_BOT_NAME, FK_TYP_NAME, FK_ATB_NAME, TEXT)
	VALUES ('INFORMATION_TYPE', 'INFORMATION_TYPE_ELEMENT', 'PRESENTATION', 'Indication how the string is presented in the user dialog.');

INSERT INTO v_type (CUBE_SEQUENCE, FK_BOT_NAME, FK_TYP_NAME, NAME, CODE, FLAG_PARTIAL_KEY, FLAG_RECURSIVE, RECURSIVE_CARDINALITY, CARDINALITY, SORT_ORDER, ICON, TRANSFERABLE)
	VALUES (1, 'INFORMATION_TYPE', 'INFORMATION_TYPE_ELEMENT', 'PERMITTED_VALUE', 'VAL', 'Y', 'N', '', 'N', 'P', 'VALUE', 'Y');

INSERT INTO v_attribute (CUBE_SEQUENCE, FK_BOT_NAME, FK_TYP_NAME, NAME, PRIMARY_KEY, CODE_DISPLAY_KEY, CODE_FOREIGN_KEY, FLAG_HIDDEN, DEFAULT_VALUE, UNCHANGEABLE, XK_ITP_NAME)
	VALUES (1, 'INFORMATION_TYPE', 'PERMITTED_VALUE', 'CODE', 'Y', 'Y', 'N', 'N', '', 'N', 'CODE');

INSERT INTO v_attribute (CUBE_SEQUENCE, FK_BOT_NAME, FK_TYP_NAME, NAME, PRIMARY_KEY, CODE_DISPLAY_KEY, CODE_FOREIGN_KEY, FLAG_HIDDEN, DEFAULT_VALUE, UNCHANGEABLE, XK_ITP_NAME)
	VALUES (2, 'INFORMATION_TYPE', 'PERMITTED_VALUE', 'PROMPT', 'N', 'Y', 'N', 'N', '', 'N', 'TEXT32');

INSERT INTO v_business_object_type (CUBE_SEQUENCE, NAME, CUBE_TSG_TYPE, DIRECTORY, API_URL)
	VALUES (2, 'BUSINESS_OBJECT_TYPE', 'INT', 'Business_Object_Types', 'BOT');

INSERT INTO v_type (CUBE_SEQUENCE, FK_BOT_NAME, FK_TYP_NAME, NAME, CODE, FLAG_PARTIAL_KEY, FLAG_RECURSIVE, RECURSIVE_CARDINALITY, CARDINALITY, SORT_ORDER, ICON, TRANSFERABLE)
	VALUES (1, 'BUSINESS_OBJECT_TYPE', '', 'BUSINESS_OBJECT_TYPE', 'BOT', 'N', '', 'N', 'N', 'P', 'BOTYPE', 'Y');

INSERT INTO v_attribute (CUBE_SEQUENCE, FK_BOT_NAME, FK_TYP_NAME, NAME, PRIMARY_KEY, CODE_DISPLAY_KEY, CODE_FOREIGN_KEY, FLAG_HIDDEN, DEFAULT_VALUE, UNCHANGEABLE, XK_ITP_NAME)
	VALUES (1, 'BUSINESS_OBJECT_TYPE', 'BUSINESS_OBJECT_TYPE', 'NAME', 'Y', 'Y', 'N', 'N', '', 'N', 'OBJECT_NAME');

INSERT INTO v_attribute (CUBE_SEQUENCE, FK_BOT_NAME, FK_TYP_NAME, NAME, PRIMARY_KEY, CODE_DISPLAY_KEY, CODE_FOREIGN_KEY, FLAG_HIDDEN, DEFAULT_VALUE, UNCHANGEABLE, XK_ITP_NAME)
	VALUES (2, 'BUSINESS_OBJECT_TYPE', 'BUSINESS_OBJECT_TYPE', 'DIRECTORY', 'N', 'N', 'N', 'N', '', 'N', 'LONG_NAME');

INSERT INTO v_attribute (CUBE_SEQUENCE, FK_BOT_NAME, FK_TYP_NAME, NAME, PRIMARY_KEY, CODE_DISPLAY_KEY, CODE_FOREIGN_KEY, FLAG_HIDDEN, DEFAULT_VALUE, UNCHANGEABLE, XK_ITP_NAME)
	VALUES (3, 'BUSINESS_OBJECT_TYPE', 'BUSINESS_OBJECT_TYPE', 'API_URL', 'N', 'N', 'N', 'N', '', 'N', 'URL');

INSERT INTO v_description_attribute (FK_BOT_NAME, FK_TYP_NAME, FK_ATB_NAME, TEXT)
	VALUES ('BUSINESS_OBJECT_TYPE', 'BUSINESS_OBJECT_TYPE', 'API_URL', 'The basic URL for calling the API.');

INSERT INTO v_restriction_type_spec_atb (FK_BOT_NAME, FK_TYP_NAME, FK_ATB_NAME, INCLUDE_OR_EXCLUDE, XF_TSP_TYP_NAME, XF_TSP_TSG_CODE, XK_TSP_CODE)
	VALUES ('BUSINESS_OBJECT_TYPE', 'BUSINESS_OBJECT_TYPE', 'API_URL', 'IN', 'BUSINESS_OBJECT_TYPE', 'TYPE', 'EXT');

INSERT INTO v_type_specialisation_group (CUBE_SEQUENCE, FK_BOT_NAME, FK_TYP_NAME, FK_TSG_CODE, CODE, NAME, PRIMARY_KEY, XF_ATB_TYP_NAME, XK_ATB_NAME)
	VALUES (1, 'BUSINESS_OBJECT_TYPE', 'BUSINESS_OBJECT_TYPE', '', 'TYPE', 'TYPE', 'N', 'BUSINESS_OBJECT_TYPE', 'NAME');

INSERT INTO v_type_specialisation (CUBE_SEQUENCE, FK_BOT_NAME, FK_TYP_NAME, FK_TSG_CODE, CODE, NAME, XF_TSP_TYP_NAME, XF_TSP_TSG_CODE, XK_TSP_CODE)
	VALUES (1, 'BUSINESS_OBJECT_TYPE', 'BUSINESS_OBJECT_TYPE', 'TYPE', 'INT', 'INTERNAL', '', '', '');

INSERT INTO v_type_specialisation (CUBE_SEQUENCE, FK_BOT_NAME, FK_TYP_NAME, FK_TSG_CODE, CODE, NAME, XF_TSP_TYP_NAME, XF_TSP_TSG_CODE, XK_TSP_CODE)
	VALUES (2, 'BUSINESS_OBJECT_TYPE', 'BUSINESS_OBJECT_TYPE', 'TYPE', 'EXT', 'EXTERNAL', '', '', '');

INSERT INTO v_description_type (FK_BOT_NAME, FK_TYP_NAME, TEXT)
	VALUES ('BUSINESS_OBJECT_TYPE', 'BUSINESS_OBJECT_TYPE', 'An object type related to the business supported by the system.');

INSERT INTO v_type (CUBE_SEQUENCE, FK_BOT_NAME, FK_TYP_NAME, NAME, CODE, FLAG_PARTIAL_KEY, FLAG_RECURSIVE, RECURSIVE_CARDINALITY, CARDINALITY, SORT_ORDER, ICON, TRANSFERABLE)
	VALUES (1, 'BUSINESS_OBJECT_TYPE', 'BUSINESS_OBJECT_TYPE', 'TYPE', 'TYP', 'N', 'Y', 'N', '1', 'P', 'TYPE', 'Y');

INSERT INTO v_attribute (CUBE_SEQUENCE, FK_BOT_NAME, FK_TYP_NAME, NAME, PRIMARY_KEY, CODE_DISPLAY_KEY, CODE_FOREIGN_KEY, FLAG_HIDDEN, DEFAULT_VALUE, UNCHANGEABLE, XK_ITP_NAME)
	VALUES (1, 'BUSINESS_OBJECT_TYPE', 'TYPE', 'NAME', 'Y', 'Y', 'N', 'N', '', 'N', 'OBJECT_NAME');

INSERT INTO v_attribute (CUBE_SEQUENCE, FK_BOT_NAME, FK_TYP_NAME, NAME, PRIMARY_KEY, CODE_DISPLAY_KEY, CODE_FOREIGN_KEY, FLAG_HIDDEN, DEFAULT_VALUE, UNCHANGEABLE, XK_ITP_NAME)
	VALUES (2, 'BUSINESS_OBJECT_TYPE', 'TYPE', 'CODE', 'N', 'S', 'N', 'N', '', 'N', 'CODE3');

INSERT INTO v_attribute (CUBE_SEQUENCE, FK_BOT_NAME, FK_TYP_NAME, NAME, PRIMARY_KEY, CODE_DISPLAY_KEY, CODE_FOREIGN_KEY, FLAG_HIDDEN, DEFAULT_VALUE, UNCHANGEABLE, XK_ITP_NAME)
	VALUES (3, 'BUSINESS_OBJECT_TYPE', 'TYPE', 'FLAG_PARTIAL_KEY', 'N', 'N', 'N', 'N', 'Y', 'N', 'FLAG');

INSERT INTO v_attribute (CUBE_SEQUENCE, FK_BOT_NAME, FK_TYP_NAME, NAME, PRIMARY_KEY, CODE_DISPLAY_KEY, CODE_FOREIGN_KEY, FLAG_HIDDEN, DEFAULT_VALUE, UNCHANGEABLE, XK_ITP_NAME)
	VALUES (4, 'BUSINESS_OBJECT_TYPE', 'TYPE', 'FLAG_RECURSIVE', 'N', 'N', 'N', 'N', '', 'N', 'FLAG');

INSERT INTO v_attribute (CUBE_SEQUENCE, FK_BOT_NAME, FK_TYP_NAME, NAME, PRIMARY_KEY, CODE_DISPLAY_KEY, CODE_FOREIGN_KEY, FLAG_HIDDEN, DEFAULT_VALUE, UNCHANGEABLE, XK_ITP_NAME)
	VALUES (5, 'BUSINESS_OBJECT_TYPE', 'TYPE', 'RECURSIVE_CARDINALITY', 'N', 'N', 'N', 'N', '', 'N', 'CARDINALITY');

INSERT INTO v_attribute (CUBE_SEQUENCE, FK_BOT_NAME, FK_TYP_NAME, NAME, PRIMARY_KEY, CODE_DISPLAY_KEY, CODE_FOREIGN_KEY, FLAG_HIDDEN, DEFAULT_VALUE, UNCHANGEABLE, XK_ITP_NAME)
	VALUES (6, 'BUSINESS_OBJECT_TYPE', 'TYPE', 'CARDINALITY', 'N', 'N', 'N', 'N', '', 'N', 'CARDINALITY');

INSERT INTO v_attribute (CUBE_SEQUENCE, FK_BOT_NAME, FK_TYP_NAME, NAME, PRIMARY_KEY, CODE_DISPLAY_KEY, CODE_FOREIGN_KEY, FLAG_HIDDEN, DEFAULT_VALUE, UNCHANGEABLE, XK_ITP_NAME)
	VALUES (7, 'BUSINESS_OBJECT_TYPE', 'TYPE', 'SORT_ORDER', 'N', 'N', 'N', 'N', '', 'N', 'SORT_TYPE');

INSERT INTO v_attribute (CUBE_SEQUENCE, FK_BOT_NAME, FK_TYP_NAME, NAME, PRIMARY_KEY, CODE_DISPLAY_KEY, CODE_FOREIGN_KEY, FLAG_HIDDEN, DEFAULT_VALUE, UNCHANGEABLE, XK_ITP_NAME)
	VALUES (8, 'BUSINESS_OBJECT_TYPE', 'TYPE', 'ICON', 'N', 'N', 'N', 'N', '', 'N', 'ICON');

INSERT INTO v_attribute (CUBE_SEQUENCE, FK_BOT_NAME, FK_TYP_NAME, NAME, PRIMARY_KEY, CODE_DISPLAY_KEY, CODE_FOREIGN_KEY, FLAG_HIDDEN, DEFAULT_VALUE, UNCHANGEABLE, XK_ITP_NAME)
	VALUES (9, 'BUSINESS_OBJECT_TYPE', 'TYPE', 'TRANSFERABLE', 'N', 'N', 'N', 'N', 'Y', 'N', 'FLAG');

INSERT INTO v_description_attribute (FK_BOT_NAME, FK_TYP_NAME, FK_ATB_NAME, TEXT)
	VALUES ('BUSINESS_OBJECT_TYPE', 'TYPE', 'TRANSFERABLE', 'Indication that in case of a recursive type the type may moved to an other parent in the hierarchy.');

INSERT INTO v_type_reuse (FK_BOT_NAME, FK_TYP_NAME, CARDINALITY, XK_TYP_NAME)
	VALUES ('BUSINESS_OBJECT_TYPE', 'TYPE', 'N', 'TYPE');

INSERT INTO v_description_type (FK_BOT_NAME, FK_TYP_NAME, TEXT)
	VALUES ('BUSINESS_OBJECT_TYPE', 'TYPE', 'An entity type related to the business that is supported by the system.');

INSERT INTO v_type (CUBE_SEQUENCE, FK_BOT_NAME, FK_TYP_NAME, NAME, CODE, FLAG_PARTIAL_KEY, FLAG_RECURSIVE, RECURSIVE_CARDINALITY, CARDINALITY, SORT_ORDER, ICON, TRANSFERABLE)
	VALUES (1, 'BUSINESS_OBJECT_TYPE', 'TYPE', 'ATTRIBUTE', 'ATB', 'Y', 'N', 'N', 'N', 'P', 'ATTRIB', 'Y');

INSERT INTO v_attribute (CUBE_SEQUENCE, FK_BOT_NAME, FK_TYP_NAME, NAME, PRIMARY_KEY, CODE_DISPLAY_KEY, CODE_FOREIGN_KEY, FLAG_HIDDEN, DEFAULT_VALUE, UNCHANGEABLE, XK_ITP_NAME)
	VALUES (1, 'BUSINESS_OBJECT_TYPE', 'ATTRIBUTE', 'NAME', 'Y', 'Y', 'N', 'N', '', 'N', 'OBJECT_NAME');

INSERT INTO v_description_attribute (FK_BOT_NAME, FK_TYP_NAME, FK_ATB_NAME, TEXT)
	VALUES ('BUSINESS_OBJECT_TYPE', 'ATTRIBUTE', 'NAME', 'Unique identifier of the attribute.');

INSERT INTO v_attribute (CUBE_SEQUENCE, FK_BOT_NAME, FK_TYP_NAME, NAME, PRIMARY_KEY, CODE_DISPLAY_KEY, CODE_FOREIGN_KEY, FLAG_HIDDEN, DEFAULT_VALUE, UNCHANGEABLE, XK_ITP_NAME)
	VALUES (2, 'BUSINESS_OBJECT_TYPE', 'ATTRIBUTE', 'PRIMARY_KEY', 'N', 'N', 'N', 'N', '', 'N', 'FLAG');

INSERT INTO v_description_attribute (FK_BOT_NAME, FK_TYP_NAME, FK_ATB_NAME, TEXT)
	VALUES ('BUSINESS_OBJECT_TYPE', 'ATTRIBUTE', 'PRIMARY_KEY', 'Indication that attribute is part of the unique identification of the type.');

INSERT INTO v_attribute (CUBE_SEQUENCE, FK_BOT_NAME, FK_TYP_NAME, NAME, PRIMARY_KEY, CODE_DISPLAY_KEY, CODE_FOREIGN_KEY, FLAG_HIDDEN, DEFAULT_VALUE, UNCHANGEABLE, XK_ITP_NAME)
	VALUES (3, 'BUSINESS_OBJECT_TYPE', 'ATTRIBUTE', 'CODE_DISPLAY_KEY', 'N', 'N', 'N', 'N', '', 'N', 'CODE_DISPLAY_KEY');

INSERT INTO v_attribute (CUBE_SEQUENCE, FK_BOT_NAME, FK_TYP_NAME, NAME, PRIMARY_KEY, CODE_DISPLAY_KEY, CODE_FOREIGN_KEY, FLAG_HIDDEN, DEFAULT_VALUE, UNCHANGEABLE, XK_ITP_NAME)
	VALUES (4, 'BUSINESS_OBJECT_TYPE', 'ATTRIBUTE', 'CODE_FOREIGN_KEY', 'N', 'N', 'N', 'N', '', 'N', 'FOREIGN_KEY_TYPE');

INSERT INTO v_attribute (CUBE_SEQUENCE, FK_BOT_NAME, FK_TYP_NAME, NAME, PRIMARY_KEY, CODE_DISPLAY_KEY, CODE_FOREIGN_KEY, FLAG_HIDDEN, DEFAULT_VALUE, UNCHANGEABLE, XK_ITP_NAME)
	VALUES (5, 'BUSINESS_OBJECT_TYPE', 'ATTRIBUTE', 'FLAG_HIDDEN', 'N', 'N', 'N', 'N', '', 'N', 'FLAG');

INSERT INTO v_attribute (CUBE_SEQUENCE, FK_BOT_NAME, FK_TYP_NAME, NAME, PRIMARY_KEY, CODE_DISPLAY_KEY, CODE_FOREIGN_KEY, FLAG_HIDDEN, DEFAULT_VALUE, UNCHANGEABLE, XK_ITP_NAME)
	VALUES (6, 'BUSINESS_OBJECT_TYPE', 'ATTRIBUTE', 'DEFAULT_VALUE', 'N', 'N', 'N', 'N', '', 'N', 'DEFAULT_VALUE');

INSERT INTO v_description_attribute (FK_BOT_NAME, FK_TYP_NAME, FK_ATB_NAME, TEXT)
	VALUES ('BUSINESS_OBJECT_TYPE', 'ATTRIBUTE', 'DEFAULT_VALUE', 'Defaut value that overules the default value specified by the information type element.');

INSERT INTO v_attribute (CUBE_SEQUENCE, FK_BOT_NAME, FK_TYP_NAME, NAME, PRIMARY_KEY, CODE_DISPLAY_KEY, CODE_FOREIGN_KEY, FLAG_HIDDEN, DEFAULT_VALUE, UNCHANGEABLE, XK_ITP_NAME)
	VALUES (7, 'BUSINESS_OBJECT_TYPE', 'ATTRIBUTE', 'UNCHANGEABLE', 'N', 'N', 'N', 'N', 'N', 'N', 'FLAG');

INSERT INTO v_description_attribute (FK_BOT_NAME, FK_TYP_NAME, FK_ATB_NAME, TEXT)
	VALUES ('BUSINESS_OBJECT_TYPE', 'ATTRIBUTE', 'UNCHANGEABLE', 'Indication that after the creation of the type the value of the atrribute can not be changed.');

INSERT INTO v_reference (CUBE_SEQUENCE, FK_BOT_NAME, FK_TYP_NAME, NAME, PRIMARY_KEY, CODE_DISPLAY_KEY, SEQUENCE, SCOPE, UNCHANGEABLE, WITHIN_SCOPE_LEVEL, XK_TYP_NAME, XK_TYP_NAME_1)
	VALUES (1, 'BUSINESS_OBJECT_TYPE', 'ATTRIBUTE', 'HAS_DOMAIN', 'N', 'N', 0, 'ALL', 'N', 0, 'INFORMATION_TYPE', '');

INSERT INTO v_type (CUBE_SEQUENCE, FK_BOT_NAME, FK_TYP_NAME, NAME, CODE, FLAG_PARTIAL_KEY, FLAG_RECURSIVE, RECURSIVE_CARDINALITY, CARDINALITY, SORT_ORDER, ICON, TRANSFERABLE)
	VALUES (1, 'BUSINESS_OBJECT_TYPE', 'ATTRIBUTE', 'DERIVATION', 'DER', 'Y', 'N', ' ', '1', 'N', 'DERIV', 'Y');

INSERT INTO v_attribute (CUBE_SEQUENCE, FK_BOT_NAME, FK_TYP_NAME, NAME, PRIMARY_KEY, CODE_DISPLAY_KEY, CODE_FOREIGN_KEY, FLAG_HIDDEN, DEFAULT_VALUE, UNCHANGEABLE, XK_ITP_NAME)
	VALUES (1, 'BUSINESS_OBJECT_TYPE', 'DERIVATION', 'AGGREGATE_FUNCTION', 'N', 'N', 'N', 'N', '', 'N', 'AGGREGATION');

INSERT INTO v_restriction_type_spec_atb (FK_BOT_NAME, FK_TYP_NAME, FK_ATB_NAME, INCLUDE_OR_EXCLUDE, XF_TSP_TYP_NAME, XF_TSP_TSG_CODE, XK_TSP_CODE)
	VALUES ('BUSINESS_OBJECT_TYPE', 'DERIVATION', 'AGGREGATE_FUNCTION', 'IN', 'DERIVATION', 'TYPE', 'DN');

INSERT INTO v_restriction_type_spec_atb (FK_BOT_NAME, FK_TYP_NAME, FK_ATB_NAME, INCLUDE_OR_EXCLUDE, XF_TSP_TYP_NAME, XF_TSP_TSG_CODE, XK_TSP_CODE)
	VALUES ('BUSINESS_OBJECT_TYPE', 'DERIVATION', 'AGGREGATE_FUNCTION', 'IN', 'DERIVATION', 'TYPE', 'IN');

INSERT INTO v_reference (CUBE_SEQUENCE, FK_BOT_NAME, FK_TYP_NAME, NAME, PRIMARY_KEY, CODE_DISPLAY_KEY, SEQUENCE, SCOPE, UNCHANGEABLE, WITHIN_SCOPE_LEVEL, XK_TYP_NAME, XK_TYP_NAME_1)
	VALUES (1, 'BUSINESS_OBJECT_TYPE', 'DERIVATION', 'CONCERNS_PARENT', 'N', 'N', 0, 'PR1', 'N', 0, 'TYPE', '');

INSERT INTO v_reference (CUBE_SEQUENCE, FK_BOT_NAME, FK_TYP_NAME, NAME, PRIMARY_KEY, CODE_DISPLAY_KEY, SEQUENCE, SCOPE, UNCHANGEABLE, WITHIN_SCOPE_LEVEL, XK_TYP_NAME, XK_TYP_NAME_1)
	VALUES (2, 'BUSINESS_OBJECT_TYPE', 'DERIVATION', 'CONCERNS_CHILD', 'N', 'N', 1, 'CH1', 'N', 0, 'TYPE', '');

INSERT INTO v_type_specialisation_group (CUBE_SEQUENCE, FK_BOT_NAME, FK_TYP_NAME, FK_TSG_CODE, CODE, NAME, PRIMARY_KEY, XF_ATB_TYP_NAME, XK_ATB_NAME)
	VALUES (1, 'BUSINESS_OBJECT_TYPE', 'DERIVATION', '', 'TYPE', 'TYPE', 'N', '', '');

INSERT INTO v_type_specialisation (CUBE_SEQUENCE, FK_BOT_NAME, FK_TYP_NAME, FK_TSG_CODE, CODE, NAME, XF_TSP_TYP_NAME, XF_TSP_TSG_CODE, XK_TSP_CODE)
	VALUES (1, 'BUSINESS_OBJECT_TYPE', 'DERIVATION', 'TYPE', 'DN', 'DENORMALIZATION', '', '', '');

INSERT INTO v_type_specialisation (CUBE_SEQUENCE, FK_BOT_NAME, FK_TYP_NAME, FK_TSG_CODE, CODE, NAME, XF_TSP_TYP_NAME, XF_TSP_TSG_CODE, XK_TSP_CODE)
	VALUES (2, 'BUSINESS_OBJECT_TYPE', 'DERIVATION', 'TYPE', 'IN', 'INTERNAL', '', '', '');

INSERT INTO v_type_specialisation (CUBE_SEQUENCE, FK_BOT_NAME, FK_TYP_NAME, FK_TSG_CODE, CODE, NAME, XF_TSP_TYP_NAME, XF_TSP_TSG_CODE, XK_TSP_CODE)
	VALUES (3, 'BUSINESS_OBJECT_TYPE', 'DERIVATION', 'TYPE', 'AG', 'AGGREGATION', '', '', '');

INSERT INTO v_type (CUBE_SEQUENCE, FK_BOT_NAME, FK_TYP_NAME, NAME, CODE, FLAG_PARTIAL_KEY, FLAG_RECURSIVE, RECURSIVE_CARDINALITY, CARDINALITY, SORT_ORDER, ICON, TRANSFERABLE)
	VALUES (2, 'BUSINESS_OBJECT_TYPE', 'ATTRIBUTE', 'DESCRIPTION_ATTRIBUTE', 'DCA', 'Y', 'N', ' ', '1', 'N', 'DESC', 'Y');

INSERT INTO v_attribute (CUBE_SEQUENCE, FK_BOT_NAME, FK_TYP_NAME, NAME, PRIMARY_KEY, CODE_DISPLAY_KEY, CODE_FOREIGN_KEY, FLAG_HIDDEN, DEFAULT_VALUE, UNCHANGEABLE, XK_ITP_NAME)
	VALUES (1, 'BUSINESS_OBJECT_TYPE', 'DESCRIPTION_ATTRIBUTE', 'TEXT', 'N', 'N', 'N', 'N', '', 'N', 'DESCRIPTION');

INSERT INTO v_type (CUBE_SEQUENCE, FK_BOT_NAME, FK_TYP_NAME, NAME, CODE, FLAG_PARTIAL_KEY, FLAG_RECURSIVE, RECURSIVE_CARDINALITY, CARDINALITY, SORT_ORDER, ICON, TRANSFERABLE)
	VALUES (3, 'BUSINESS_OBJECT_TYPE', 'ATTRIBUTE', 'RESTRICTION_TYPE_SPEC_ATB', 'RTA', 'Y', 'N', ' ', 'N', 'K', 'RESTRICT', 'Y');

INSERT INTO v_attribute (CUBE_SEQUENCE, FK_BOT_NAME, FK_TYP_NAME, NAME, PRIMARY_KEY, CODE_DISPLAY_KEY, CODE_FOREIGN_KEY, FLAG_HIDDEN, DEFAULT_VALUE, UNCHANGEABLE, XK_ITP_NAME)
	VALUES (1, 'BUSINESS_OBJECT_TYPE', 'RESTRICTION_TYPE_SPEC_ATB', 'INCLUDE_OR_EXCLUDE', 'N', 'N', 'N', 'N', '', 'N', 'INCLUDE_OR_EXCLUDE');

INSERT INTO v_description_attribute (FK_BOT_NAME, FK_TYP_NAME, FK_ATB_NAME, TEXT)
	VALUES ('BUSINESS_OBJECT_TYPE', 'RESTRICTION_TYPE_SPEC_ATB', 'INCLUDE_OR_EXCLUDE', 'Indication that the attribute is valid (included) or invalid (excluded) for the concerning type specialisation.');

INSERT INTO v_reference (CUBE_SEQUENCE, FK_BOT_NAME, FK_TYP_NAME, NAME, PRIMARY_KEY, CODE_DISPLAY_KEY, SEQUENCE, SCOPE, UNCHANGEABLE, WITHIN_SCOPE_LEVEL, XK_TYP_NAME, XK_TYP_NAME_1)
	VALUES (1, 'BUSINESS_OBJECT_TYPE', 'RESTRICTION_TYPE_SPEC_ATB', 'IS_VALID_FOR', 'Y', 'Y', 0, 'ALL', 'N', 0, 'TYPE_SPECIALISATION', 'TYPE');

INSERT INTO v_type (CUBE_SEQUENCE, FK_BOT_NAME, FK_TYP_NAME, NAME, CODE, FLAG_PARTIAL_KEY, FLAG_RECURSIVE, RECURSIVE_CARDINALITY, CARDINALITY, SORT_ORDER, ICON, TRANSFERABLE)
	VALUES (2, 'BUSINESS_OBJECT_TYPE', 'TYPE', 'REFERENCE', 'REF', 'Y', 'N', '', 'N', 'P', 'REF', 'Y');

INSERT INTO v_attribute (CUBE_SEQUENCE, FK_BOT_NAME, FK_TYP_NAME, NAME, PRIMARY_KEY, CODE_DISPLAY_KEY, CODE_FOREIGN_KEY, FLAG_HIDDEN, DEFAULT_VALUE, UNCHANGEABLE, XK_ITP_NAME)
	VALUES (1, 'BUSINESS_OBJECT_TYPE', 'REFERENCE', 'NAME', 'N', 'Y', 'N', 'N', '', 'N', 'OBJECT_NAME');

INSERT INTO v_attribute (CUBE_SEQUENCE, FK_BOT_NAME, FK_TYP_NAME, NAME, PRIMARY_KEY, CODE_DISPLAY_KEY, CODE_FOREIGN_KEY, FLAG_HIDDEN, DEFAULT_VALUE, UNCHANGEABLE, XK_ITP_NAME)
	VALUES (2, 'BUSINESS_OBJECT_TYPE', 'REFERENCE', 'PRIMARY_KEY', 'N', 'N', 'N', 'N', '', 'N', 'FLAG');

INSERT INTO v_description_attribute (FK_BOT_NAME, FK_TYP_NAME, FK_ATB_NAME, TEXT)
	VALUES ('BUSINESS_OBJECT_TYPE', 'REFERENCE', 'PRIMARY_KEY', 'Indication that reference is part of the unique identification of the type.');

INSERT INTO v_attribute (CUBE_SEQUENCE, FK_BOT_NAME, FK_TYP_NAME, NAME, PRIMARY_KEY, CODE_DISPLAY_KEY, CODE_FOREIGN_KEY, FLAG_HIDDEN, DEFAULT_VALUE, UNCHANGEABLE, XK_ITP_NAME)
	VALUES (3, 'BUSINESS_OBJECT_TYPE', 'REFERENCE', 'CODE_DISPLAY_KEY', 'N', 'N', 'N', 'N', '', 'N', 'CODE_DISPLAY_KEY');

INSERT INTO v_attribute (CUBE_SEQUENCE, FK_BOT_NAME, FK_TYP_NAME, NAME, PRIMARY_KEY, CODE_DISPLAY_KEY, CODE_FOREIGN_KEY, FLAG_HIDDEN, DEFAULT_VALUE, UNCHANGEABLE, XK_ITP_NAME)
	VALUES (4, 'BUSINESS_OBJECT_TYPE', 'REFERENCE', 'SEQUENCE', 'Y', 'N', 'N', 'N', '0', 'N', 'NUM1');

INSERT INTO v_attribute (CUBE_SEQUENCE, FK_BOT_NAME, FK_TYP_NAME, NAME, PRIMARY_KEY, CODE_DISPLAY_KEY, CODE_FOREIGN_KEY, FLAG_HIDDEN, DEFAULT_VALUE, UNCHANGEABLE, XK_ITP_NAME)
	VALUES (5, 'BUSINESS_OBJECT_TYPE', 'REFERENCE', 'SCOPE', 'N', 'N', 'N', 'N', '', 'N', 'SCOPE_TYPE');

INSERT INTO v_description_attribute (FK_BOT_NAME, FK_TYP_NAME, FK_ATB_NAME, TEXT)
	VALUES ('BUSINESS_OBJECT_TYPE', 'REFERENCE', 'SCOPE', 'In case of a recursive target, the definition of the collection of the types to select.');

INSERT INTO v_attribute (CUBE_SEQUENCE, FK_BOT_NAME, FK_TYP_NAME, NAME, PRIMARY_KEY, CODE_DISPLAY_KEY, CODE_FOREIGN_KEY, FLAG_HIDDEN, DEFAULT_VALUE, UNCHANGEABLE, XK_ITP_NAME)
	VALUES (6, 'BUSINESS_OBJECT_TYPE', 'REFERENCE', 'UNCHANGEABLE', 'N', 'N', 'N', 'N', 'N', 'N', 'FLAG');

INSERT INTO v_description_attribute (FK_BOT_NAME, FK_TYP_NAME, FK_ATB_NAME, TEXT)
	VALUES ('BUSINESS_OBJECT_TYPE', 'REFERENCE', 'UNCHANGEABLE', 'Indication that after the creation of the type the reference can not be changed. So in case of a recursive reference the indication too that the relation is used to select the parents or children in the hierarchy.');

INSERT INTO v_attribute (CUBE_SEQUENCE, FK_BOT_NAME, FK_TYP_NAME, NAME, PRIMARY_KEY, CODE_DISPLAY_KEY, CODE_FOREIGN_KEY, FLAG_HIDDEN, DEFAULT_VALUE, UNCHANGEABLE, XK_ITP_NAME)
	VALUES (7, 'BUSINESS_OBJECT_TYPE', 'REFERENCE', 'WITHIN_SCOPE_LEVEL', 'N', 'N', 'N', 'N', '', 'N', 'SCOPE_LEVEL');

INSERT INTO v_description_attribute (FK_BOT_NAME, FK_TYP_NAME, FK_ATB_NAME, TEXT)
	VALUES ('BUSINESS_OBJECT_TYPE', 'REFERENCE', 'WITHIN_SCOPE_LEVEL', 'In case of recursive "within scope of" type the relative level in the hierarchy, Positive numbers are the parent levels, Negative numbers are the child levels.');

INSERT INTO v_reference (CUBE_SEQUENCE, FK_BOT_NAME, FK_TYP_NAME, NAME, PRIMARY_KEY, CODE_DISPLAY_KEY, SEQUENCE, SCOPE, UNCHANGEABLE, WITHIN_SCOPE_LEVEL, XK_TYP_NAME, XK_TYP_NAME_1)
	VALUES (1, 'BUSINESS_OBJECT_TYPE', 'REFERENCE', 'REFER', 'Y', 'Y', 0, 'ENC', 'N', 0, 'TYPE', '');

INSERT INTO v_description_reference (FK_BOT_NAME, FK_TYP_NAME, FK_REF_SEQUENCE, FK_REF_TYP_NAME, TEXT)
	VALUES ('BUSINESS_OBJECT_TYPE', 'REFERENCE', 0, 'TYPE', 'The target entity type of the reference.');

INSERT INTO v_reference (CUBE_SEQUENCE, FK_BOT_NAME, FK_TYP_NAME, NAME, PRIMARY_KEY, CODE_DISPLAY_KEY, SEQUENCE, SCOPE, UNCHANGEABLE, WITHIN_SCOPE_LEVEL, XK_TYP_NAME, XK_TYP_NAME_1)
	VALUES (2, 'BUSINESS_OBJECT_TYPE', 'REFERENCE', 'WITHIN_SCOPE_OF', 'N', 'N', 1, 'PRA', 'N', 0, 'TYPE', '');

INSERT INTO v_description_reference (FK_BOT_NAME, FK_TYP_NAME, FK_REF_SEQUENCE, FK_REF_TYP_NAME, TEXT)
	VALUES ('BUSINESS_OBJECT_TYPE', 'REFERENCE', 1, 'TYPE', 'In case of non recursive target or a scope all recursive target the common type for the selection.');

INSERT INTO v_type (CUBE_SEQUENCE, FK_BOT_NAME, FK_TYP_NAME, NAME, CODE, FLAG_PARTIAL_KEY, FLAG_RECURSIVE, RECURSIVE_CARDINALITY, CARDINALITY, SORT_ORDER, ICON, TRANSFERABLE)
	VALUES (1, 'BUSINESS_OBJECT_TYPE', 'REFERENCE', 'DESCRIPTION_REFERENCE', 'DCR', 'Y', 'N', ' ', '1', 'N', 'DESC', 'Y');

INSERT INTO v_attribute (CUBE_SEQUENCE, FK_BOT_NAME, FK_TYP_NAME, NAME, PRIMARY_KEY, CODE_DISPLAY_KEY, CODE_FOREIGN_KEY, FLAG_HIDDEN, DEFAULT_VALUE, UNCHANGEABLE, XK_ITP_NAME)
	VALUES (1, 'BUSINESS_OBJECT_TYPE', 'DESCRIPTION_REFERENCE', 'TEXT', 'N', 'N', 'N', 'N', '', 'N', 'DESCRIPTION');

INSERT INTO v_type (CUBE_SEQUENCE, FK_BOT_NAME, FK_TYP_NAME, NAME, CODE, FLAG_PARTIAL_KEY, FLAG_RECURSIVE, RECURSIVE_CARDINALITY, CARDINALITY, SORT_ORDER, ICON, TRANSFERABLE)
	VALUES (2, 'BUSINESS_OBJECT_TYPE', 'REFERENCE', 'RESTRICTION_TYPE_SPEC_REF', 'RTR', 'Y', 'N', ' ', 'N', 'K', 'RESTRICT', 'Y');

INSERT INTO v_attribute (CUBE_SEQUENCE, FK_BOT_NAME, FK_TYP_NAME, NAME, PRIMARY_KEY, CODE_DISPLAY_KEY, CODE_FOREIGN_KEY, FLAG_HIDDEN, DEFAULT_VALUE, UNCHANGEABLE, XK_ITP_NAME)
	VALUES (1, 'BUSINESS_OBJECT_TYPE', 'RESTRICTION_TYPE_SPEC_REF', 'INCLUDE_OR_EXCLUDE', 'N', 'N', 'N', 'N', '', 'N', 'INCLUDE_OR_EXCLUDE');

INSERT INTO v_description_attribute (FK_BOT_NAME, FK_TYP_NAME, FK_ATB_NAME, TEXT)
	VALUES ('BUSINESS_OBJECT_TYPE', 'RESTRICTION_TYPE_SPEC_REF', 'INCLUDE_OR_EXCLUDE', 'Indication that the reference is valid (included) or invalid (excluded) for the concerning type specialisation.');

INSERT INTO v_reference (CUBE_SEQUENCE, FK_BOT_NAME, FK_TYP_NAME, NAME, PRIMARY_KEY, CODE_DISPLAY_KEY, SEQUENCE, SCOPE, UNCHANGEABLE, WITHIN_SCOPE_LEVEL, XK_TYP_NAME, XK_TYP_NAME_1)
	VALUES (1, 'BUSINESS_OBJECT_TYPE', 'RESTRICTION_TYPE_SPEC_REF', 'IS_VALID_FOR', 'Y', 'Y', 0, 'ALL', 'N', 0, 'TYPE_SPECIALISATION', 'TYPE');

INSERT INTO v_type (CUBE_SEQUENCE, FK_BOT_NAME, FK_TYP_NAME, NAME, CODE, FLAG_PARTIAL_KEY, FLAG_RECURSIVE, RECURSIVE_CARDINALITY, CARDINALITY, SORT_ORDER, ICON, TRANSFERABLE)
	VALUES (3, 'BUSINESS_OBJECT_TYPE', 'TYPE', 'RESTRICTION_TYPE_SPEC_TYP', 'RTT', 'Y', 'N', ' ', 'N', 'K', 'RESTRICT', 'Y');

INSERT INTO v_attribute (CUBE_SEQUENCE, FK_BOT_NAME, FK_TYP_NAME, NAME, PRIMARY_KEY, CODE_DISPLAY_KEY, CODE_FOREIGN_KEY, FLAG_HIDDEN, DEFAULT_VALUE, UNCHANGEABLE, XK_ITP_NAME)
	VALUES (1, 'BUSINESS_OBJECT_TYPE', 'RESTRICTION_TYPE_SPEC_TYP', 'INCLUDE_OR_EXCLUDE', 'N', 'N', 'N', 'N', '', 'N', 'INCLUDE_OR_EXCLUDE');

INSERT INTO v_description_attribute (FK_BOT_NAME, FK_TYP_NAME, FK_ATB_NAME, TEXT)
	VALUES ('BUSINESS_OBJECT_TYPE', 'RESTRICTION_TYPE_SPEC_TYP', 'INCLUDE_OR_EXCLUDE', 'Indication that the child type is valid (included) or invalid (excluded) for the concerning type specialisation.');

INSERT INTO v_reference (CUBE_SEQUENCE, FK_BOT_NAME, FK_TYP_NAME, NAME, PRIMARY_KEY, CODE_DISPLAY_KEY, SEQUENCE, SCOPE, UNCHANGEABLE, WITHIN_SCOPE_LEVEL, XK_TYP_NAME, XK_TYP_NAME_1)
	VALUES (1, 'BUSINESS_OBJECT_TYPE', 'RESTRICTION_TYPE_SPEC_TYP', 'IS_VALID_FOR', 'Y', 'Y', 0, 'ALL', 'N', 1, 'TYPE_SPECIALISATION', 'TYPE');

INSERT INTO v_type (CUBE_SEQUENCE, FK_BOT_NAME, FK_TYP_NAME, NAME, CODE, FLAG_PARTIAL_KEY, FLAG_RECURSIVE, RECURSIVE_CARDINALITY, CARDINALITY, SORT_ORDER, ICON, TRANSFERABLE)
	VALUES (4, 'BUSINESS_OBJECT_TYPE', 'TYPE', 'TYPE_REUSE', 'TYR', 'Y', 'N', 'N', 'N', 'K', 'REUSE', 'Y');

INSERT INTO v_attribute (CUBE_SEQUENCE, FK_BOT_NAME, FK_TYP_NAME, NAME, PRIMARY_KEY, CODE_DISPLAY_KEY, CODE_FOREIGN_KEY, FLAG_HIDDEN, DEFAULT_VALUE, UNCHANGEABLE, XK_ITP_NAME)
	VALUES (1, 'BUSINESS_OBJECT_TYPE', 'TYPE_REUSE', 'CARDINALITY', 'N', 'N', 'N', 'N', '', 'N', 'CARDINALITY');

INSERT INTO v_reference (CUBE_SEQUENCE, FK_BOT_NAME, FK_TYP_NAME, NAME, PRIMARY_KEY, CODE_DISPLAY_KEY, SEQUENCE, SCOPE, UNCHANGEABLE, WITHIN_SCOPE_LEVEL, XK_TYP_NAME, XK_TYP_NAME_1)
	VALUES (1, 'BUSINESS_OBJECT_TYPE', 'TYPE_REUSE', 'REFER', 'Y', 'Y', 0, 'ALL', 'N', 0, 'TYPE', '');

INSERT INTO v_type (CUBE_SEQUENCE, FK_BOT_NAME, FK_TYP_NAME, NAME, CODE, FLAG_PARTIAL_KEY, FLAG_RECURSIVE, RECURSIVE_CARDINALITY, CARDINALITY, SORT_ORDER, ICON, TRANSFERABLE)
	VALUES (5, 'BUSINESS_OBJECT_TYPE', 'TYPE', 'PARTITION', 'PAR', 'Y', 'N', 'N', 'N', 'N', 'PARTIT', 'Y');

INSERT INTO v_attribute (CUBE_SEQUENCE, FK_BOT_NAME, FK_TYP_NAME, NAME, PRIMARY_KEY, CODE_DISPLAY_KEY, CODE_FOREIGN_KEY, FLAG_HIDDEN, DEFAULT_VALUE, UNCHANGEABLE, XK_ITP_NAME)
	VALUES (1, 'BUSINESS_OBJECT_TYPE', 'PARTITION', 'NAME', 'Y', 'Y', 'N', 'N', '', 'N', 'OBJECT_NAME');

INSERT INTO v_type (CUBE_SEQUENCE, FK_BOT_NAME, FK_TYP_NAME, NAME, CODE, FLAG_PARTIAL_KEY, FLAG_RECURSIVE, RECURSIVE_CARDINALITY, CARDINALITY, SORT_ORDER, ICON, TRANSFERABLE)
	VALUES (1, 'BUSINESS_OBJECT_TYPE', 'PARTITION', 'SUBTYPE', 'STP', 'Y', 'N', 'N', 'N', 'P', 'SUBTYPE', 'Y');

INSERT INTO v_attribute (CUBE_SEQUENCE, FK_BOT_NAME, FK_TYP_NAME, NAME, PRIMARY_KEY, CODE_DISPLAY_KEY, CODE_FOREIGN_KEY, FLAG_HIDDEN, DEFAULT_VALUE, UNCHANGEABLE, XK_ITP_NAME)
	VALUES (1, 'BUSINESS_OBJECT_TYPE', 'SUBTYPE', 'NAME', 'Y', 'Y', 'N', 'N', '', 'N', 'OBJECT_NAME');

INSERT INTO v_type (CUBE_SEQUENCE, FK_BOT_NAME, FK_TYP_NAME, NAME, CODE, FLAG_PARTIAL_KEY, FLAG_RECURSIVE, RECURSIVE_CARDINALITY, CARDINALITY, SORT_ORDER, ICON, TRANSFERABLE)
	VALUES (6, 'BUSINESS_OBJECT_TYPE', 'TYPE', 'TYPE_SPECIALISATION_GROUP', 'TSG', 'Y', 'Y', '1', 'N', 'P', 'TSPGROUP', 'Y');

INSERT INTO v_attribute (CUBE_SEQUENCE, FK_BOT_NAME, FK_TYP_NAME, NAME, PRIMARY_KEY, CODE_DISPLAY_KEY, CODE_FOREIGN_KEY, FLAG_HIDDEN, DEFAULT_VALUE, UNCHANGEABLE, XK_ITP_NAME)
	VALUES (1, 'BUSINESS_OBJECT_TYPE', 'TYPE_SPECIALISATION_GROUP', 'CODE', 'Y', 'S', 'N', 'N', '', 'N', 'CODE');

INSERT INTO v_attribute (CUBE_SEQUENCE, FK_BOT_NAME, FK_TYP_NAME, NAME, PRIMARY_KEY, CODE_DISPLAY_KEY, CODE_FOREIGN_KEY, FLAG_HIDDEN, DEFAULT_VALUE, UNCHANGEABLE, XK_ITP_NAME)
	VALUES (2, 'BUSINESS_OBJECT_TYPE', 'TYPE_SPECIALISATION_GROUP', 'NAME', 'N', 'Y', 'N', 'N', '', 'N', 'OBJECT_NAME');

INSERT INTO v_attribute (CUBE_SEQUENCE, FK_BOT_NAME, FK_TYP_NAME, NAME, PRIMARY_KEY, CODE_DISPLAY_KEY, CODE_FOREIGN_KEY, FLAG_HIDDEN, DEFAULT_VALUE, UNCHANGEABLE, XK_ITP_NAME)
	VALUES (3, 'BUSINESS_OBJECT_TYPE', 'TYPE_SPECIALISATION_GROUP', 'PRIMARY_KEY', 'N', 'N', 'N', 'N', '', 'N', 'FLAG');

INSERT INTO v_description_attribute (FK_BOT_NAME, FK_TYP_NAME, FK_ATB_NAME, TEXT)
	VALUES ('BUSINESS_OBJECT_TYPE', 'TYPE_SPECIALISATION_GROUP', 'PRIMARY_KEY', 'Indication that the type specification group is part of the unique identification of the type.');

INSERT INTO v_reference (CUBE_SEQUENCE, FK_BOT_NAME, FK_TYP_NAME, NAME, PRIMARY_KEY, CODE_DISPLAY_KEY, SEQUENCE, SCOPE, UNCHANGEABLE, WITHIN_SCOPE_LEVEL, XK_TYP_NAME, XK_TYP_NAME_1)
	VALUES (1, 'BUSINESS_OBJECT_TYPE', 'TYPE_SPECIALISATION_GROUP', 'IS_LOCATED_AFTER', 'N', 'N', 0, 'ALL', 'N', 0, 'ATTRIBUTE', 'TYPE');

INSERT INTO v_description_reference (FK_BOT_NAME, FK_TYP_NAME, FK_REF_SEQUENCE, FK_REF_TYP_NAME, TEXT)
	VALUES ('BUSINESS_OBJECT_TYPE', 'TYPE_SPECIALISATION_GROUP', 0, 'ATTRIBUTE', 'Defines the location of the classifying attribute within the type.');

INSERT INTO v_description_type (FK_BOT_NAME, FK_TYP_NAME, TEXT)
	VALUES ('BUSINESS_OBJECT_TYPE', 'TYPE_SPECIALISATION_GROUP', 'A group of classifications of the type.');

INSERT INTO v_type (CUBE_SEQUENCE, FK_BOT_NAME, FK_TYP_NAME, NAME, CODE, FLAG_PARTIAL_KEY, FLAG_RECURSIVE, RECURSIVE_CARDINALITY, CARDINALITY, SORT_ORDER, ICON, TRANSFERABLE)
	VALUES (1, 'BUSINESS_OBJECT_TYPE', 'TYPE_SPECIALISATION_GROUP', 'TYPE_SPECIALISATION', 'TSP', 'Y', 'N', ' ', 'N', 'P', 'TYPESPEC', 'Y');

INSERT INTO v_attribute (CUBE_SEQUENCE, FK_BOT_NAME, FK_TYP_NAME, NAME, PRIMARY_KEY, CODE_DISPLAY_KEY, CODE_FOREIGN_KEY, FLAG_HIDDEN, DEFAULT_VALUE, UNCHANGEABLE, XK_ITP_NAME)
	VALUES (1, 'BUSINESS_OBJECT_TYPE', 'TYPE_SPECIALISATION', 'CODE', 'Y', 'S', 'N', 'N', '', 'N', 'CODE');

INSERT INTO v_attribute (CUBE_SEQUENCE, FK_BOT_NAME, FK_TYP_NAME, NAME, PRIMARY_KEY, CODE_DISPLAY_KEY, CODE_FOREIGN_KEY, FLAG_HIDDEN, DEFAULT_VALUE, UNCHANGEABLE, XK_ITP_NAME)
	VALUES (2, 'BUSINESS_OBJECT_TYPE', 'TYPE_SPECIALISATION', 'NAME', 'N', 'Y', 'N', 'N', '', 'N', 'OBJECT_NAME');

INSERT INTO v_reference (CUBE_SEQUENCE, FK_BOT_NAME, FK_TYP_NAME, NAME, PRIMARY_KEY, CODE_DISPLAY_KEY, SEQUENCE, SCOPE, UNCHANGEABLE, WITHIN_SCOPE_LEVEL, XK_TYP_NAME, XK_TYP_NAME_1)
	VALUES (1, 'BUSINESS_OBJECT_TYPE', 'TYPE_SPECIALISATION', 'SPECIALISE', 'N', 'N', 0, 'ALL', 'N', 1, 'TYPE_SPECIALISATION', 'TYPE_SPECIALISATION_GROUP');

INSERT INTO v_description_type (FK_BOT_NAME, FK_TYP_NAME, TEXT)
	VALUES ('BUSINESS_OBJECT_TYPE', 'TYPE_SPECIALISATION', 'A classification of the type.');

INSERT INTO v_type (CUBE_SEQUENCE, FK_BOT_NAME, FK_TYP_NAME, NAME, CODE, FLAG_PARTIAL_KEY, FLAG_RECURSIVE, RECURSIVE_CARDINALITY, CARDINALITY, SORT_ORDER, ICON, TRANSFERABLE)
	VALUES (7, 'BUSINESS_OBJECT_TYPE', 'TYPE', 'DESCRIPTION_TYPE', 'DCT', 'Y', 'N', ' ', '1', 'N', 'DESC', 'Y');

INSERT INTO v_attribute (CUBE_SEQUENCE, FK_BOT_NAME, FK_TYP_NAME, NAME, PRIMARY_KEY, CODE_DISPLAY_KEY, CODE_FOREIGN_KEY, FLAG_HIDDEN, DEFAULT_VALUE, UNCHANGEABLE, XK_ITP_NAME)
	VALUES (1, 'BUSINESS_OBJECT_TYPE', 'DESCRIPTION_TYPE', 'TEXT', 'N', 'N', 'N', 'N', '', 'N', 'DESCRIPTION');

INSERT INTO v_description_type (FK_BOT_NAME, FK_TYP_NAME, TEXT)
	VALUES ('BUSINESS_OBJECT_TYPE', 'DESCRIPTION_TYPE', 'Test'||CHR(13)||CHR(10)||'Met LF en " en ''  en %    %'||CHR(13)||CHR(10)||'EInde');

INSERT INTO v_business_object_type (CUBE_SEQUENCE, NAME, CUBE_TSG_TYPE, DIRECTORY, API_URL)
	VALUES (3, 'SYSTEM', 'INT', 'Systems', 'SYS');

INSERT INTO v_type (CUBE_SEQUENCE, FK_BOT_NAME, FK_TYP_NAME, NAME, CODE, FLAG_PARTIAL_KEY, FLAG_RECURSIVE, RECURSIVE_CARDINALITY, CARDINALITY, SORT_ORDER, ICON, TRANSFERABLE)
	VALUES (1, 'SYSTEM', '', 'SYSTEM', 'SYS', 'N', '', 'N', 'N', 'K', 'SYSTEM', 'Y');

INSERT INTO v_attribute (CUBE_SEQUENCE, FK_BOT_NAME, FK_TYP_NAME, NAME, PRIMARY_KEY, CODE_DISPLAY_KEY, CODE_FOREIGN_KEY, FLAG_HIDDEN, DEFAULT_VALUE, UNCHANGEABLE, XK_ITP_NAME)
	VALUES (1, 'SYSTEM', 'SYSTEM', 'NAME', 'Y', 'Y', 'N', 'N', '', 'N', 'NAME');

INSERT INTO v_attribute (CUBE_SEQUENCE, FK_BOT_NAME, FK_TYP_NAME, NAME, PRIMARY_KEY, CODE_DISPLAY_KEY, CODE_FOREIGN_KEY, FLAG_HIDDEN, DEFAULT_VALUE, UNCHANGEABLE, XK_ITP_NAME)
	VALUES (2, 'SYSTEM', 'SYSTEM', 'DATABASE', 'N', 'N', 'N', 'N', '', 'N', 'NAME');

INSERT INTO v_attribute (CUBE_SEQUENCE, FK_BOT_NAME, FK_TYP_NAME, NAME, PRIMARY_KEY, CODE_DISPLAY_KEY, CODE_FOREIGN_KEY, FLAG_HIDDEN, DEFAULT_VALUE, UNCHANGEABLE, XK_ITP_NAME)
	VALUES (3, 'SYSTEM', 'SYSTEM', 'SCHEMA', 'N', 'N', 'N', 'N', '', 'N', 'NAME');

INSERT INTO v_attribute (CUBE_SEQUENCE, FK_BOT_NAME, FK_TYP_NAME, NAME, PRIMARY_KEY, CODE_DISPLAY_KEY, CODE_FOREIGN_KEY, FLAG_HIDDEN, DEFAULT_VALUE, UNCHANGEABLE, XK_ITP_NAME)
	VALUES (4, 'SYSTEM', 'SYSTEM', 'PASSWORD', 'N', 'N', 'N', 'N', '', 'N', 'PASSWORD');

INSERT INTO v_type (CUBE_SEQUENCE, FK_BOT_NAME, FK_TYP_NAME, NAME, CODE, FLAG_PARTIAL_KEY, FLAG_RECURSIVE, RECURSIVE_CARDINALITY, CARDINALITY, SORT_ORDER, ICON, TRANSFERABLE)
	VALUES (1, 'SYSTEM', 'SYSTEM', 'SYSTEM_BO_TYPE', 'SBT', 'Y', 'N', '', 'N', 'P', 'SYSBOT', 'Y');

INSERT INTO v_reference (CUBE_SEQUENCE, FK_BOT_NAME, FK_TYP_NAME, NAME, PRIMARY_KEY, CODE_DISPLAY_KEY, SEQUENCE, SCOPE, UNCHANGEABLE, WITHIN_SCOPE_LEVEL, XK_TYP_NAME, XK_TYP_NAME_1)
	VALUES (1, 'SYSTEM', 'SYSTEM_BO_TYPE', 'HAS', 'Y', 'Y', 0, 'ALL', 'N', 0, 'BUSINESS_OBJECT_TYPE', '');

INSERT INTO v_business_object_type (CUBE_SEQUENCE, NAME, CUBE_TSG_TYPE, DIRECTORY, API_URL)
	VALUES (4, 'FUNCTION', 'INT', 'Functions', 'FUN');

INSERT INTO v_type (CUBE_SEQUENCE, FK_BOT_NAME, FK_TYP_NAME, NAME, CODE, FLAG_PARTIAL_KEY, FLAG_RECURSIVE, RECURSIVE_CARDINALITY, CARDINALITY, SORT_ORDER, ICON, TRANSFERABLE)
	VALUES (1, 'FUNCTION', '', 'FUNCTION', 'FUN', 'N', 'N', ' ', '1', 'N', 'FUNCTION', 'Y');

INSERT INTO v_attribute (CUBE_SEQUENCE, FK_BOT_NAME, FK_TYP_NAME, NAME, PRIMARY_KEY, CODE_DISPLAY_KEY, CODE_FOREIGN_KEY, FLAG_HIDDEN, DEFAULT_VALUE, UNCHANGEABLE, XK_ITP_NAME)
	VALUES (1, 'FUNCTION', 'FUNCTION', 'NAME', 'Y', 'Y', 'N', 'N', '', 'N', 'OBJECT_NAME');

INSERT INTO v_type (CUBE_SEQUENCE, FK_BOT_NAME, FK_TYP_NAME, NAME, CODE, FLAG_PARTIAL_KEY, FLAG_RECURSIVE, RECURSIVE_CARDINALITY, CARDINALITY, SORT_ORDER, ICON, TRANSFERABLE)
	VALUES (1, 'FUNCTION', 'FUNCTION', 'ARGUMENT', 'ARG', 'Y', 'N', ' ', 'N', 'P', 'FUNCATB', 'Y');

INSERT INTO v_attribute (CUBE_SEQUENCE, FK_BOT_NAME, FK_TYP_NAME, NAME, PRIMARY_KEY, CODE_DISPLAY_KEY, CODE_FOREIGN_KEY, FLAG_HIDDEN, DEFAULT_VALUE, UNCHANGEABLE, XK_ITP_NAME)
	VALUES (1, 'FUNCTION', 'ARGUMENT', 'NAME', 'Y', 'Y', 'N', 'N', '', 'N', 'OBJECT_NAME');

INSERT INTO v_business_object_type (CUBE_SEQUENCE, NAME, CUBE_TSG_TYPE, DIRECTORY, API_URL)
	VALUES (5, 'DESCRIPTION', 'INT', 'descriptions', 'DSC');

INSERT INTO v_type (CUBE_SEQUENCE, FK_BOT_NAME, FK_TYP_NAME, NAME, CODE, FLAG_PARTIAL_KEY, FLAG_RECURSIVE, RECURSIVE_CARDINALITY, CARDINALITY, SORT_ORDER, ICON, TRANSFERABLE)
	VALUES (1, 'DESCRIPTION', '', 'DESCRIPTION', 'DSC', 'N', 'N', 'N', 'N', 'N', 'DESC', 'Y');

INSERT INTO v_attribute (CUBE_SEQUENCE, FK_BOT_NAME, FK_TYP_NAME, NAME, PRIMARY_KEY, CODE_DISPLAY_KEY, CODE_FOREIGN_KEY, FLAG_HIDDEN, DEFAULT_VALUE, UNCHANGEABLE, XK_ITP_NAME)
	VALUES (1, 'DESCRIPTION', 'DESCRIPTION', 'TYPE_NAME', 'Y', 'Y', 'N', 'N', '', 'N', 'OBJECT_NAME');

INSERT INTO v_attribute (CUBE_SEQUENCE, FK_BOT_NAME, FK_TYP_NAME, NAME, PRIMARY_KEY, CODE_DISPLAY_KEY, CODE_FOREIGN_KEY, FLAG_HIDDEN, DEFAULT_VALUE, UNCHANGEABLE, XK_ITP_NAME)
	VALUES (2, 'DESCRIPTION', 'DESCRIPTION', 'ATTRIBUTE_TYPE_NAME', 'Y', 'Y', 'N', 'N', '_', 'N', 'OBJECT_NAME');

INSERT INTO v_attribute (CUBE_SEQUENCE, FK_BOT_NAME, FK_TYP_NAME, NAME, PRIMARY_KEY, CODE_DISPLAY_KEY, CODE_FOREIGN_KEY, FLAG_HIDDEN, DEFAULT_VALUE, UNCHANGEABLE, XK_ITP_NAME)
	VALUES (3, 'DESCRIPTION', 'DESCRIPTION', 'SEQUENCE', 'Y', 'Y', 'N', 'N', '-1', 'N', 'NUM1');

INSERT INTO v_attribute (CUBE_SEQUENCE, FK_BOT_NAME, FK_TYP_NAME, NAME, PRIMARY_KEY, CODE_DISPLAY_KEY, CODE_FOREIGN_KEY, FLAG_HIDDEN, DEFAULT_VALUE, UNCHANGEABLE, XK_ITP_NAME)
	VALUES (4, 'DESCRIPTION', 'DESCRIPTION', 'VALUE', 'N', 'N', 'N', 'N', '', 'N', 'DESCRIPTION');

INSERT INTO v_business_object_type (CUBE_SEQUENCE, NAME, CUBE_TSG_TYPE, DIRECTORY, API_URL)
	VALUES (6, 'CUBE_GEN_DOCUMENTATION', 'INT', 'CubeGen_documentation', 'CUB');

INSERT INTO v_type (CUBE_SEQUENCE, FK_BOT_NAME, FK_TYP_NAME, NAME, CODE, FLAG_PARTIAL_KEY, FLAG_RECURSIVE, RECURSIVE_CARDINALITY, CARDINALITY, SORT_ORDER, ICON, TRANSFERABLE)
	VALUES (1, 'CUBE_GEN_DOCUMENTATION', '', 'CUBE_GEN_DOCUMENTATION', 'CUB', 'N', 'N', 'N', 'N', 'N', 'CUBEGEN', 'Y');

INSERT INTO v_attribute (CUBE_SEQUENCE, FK_BOT_NAME, FK_TYP_NAME, NAME, PRIMARY_KEY, CODE_DISPLAY_KEY, CODE_FOREIGN_KEY, FLAG_HIDDEN, DEFAULT_VALUE, UNCHANGEABLE, XK_ITP_NAME)
	VALUES (1, 'CUBE_GEN_DOCUMENTATION', 'CUBE_GEN_DOCUMENTATION', 'NAME', 'Y', 'Y', 'N', 'N', '', 'N', 'NAME');

INSERT INTO v_description_attribute (FK_BOT_NAME, FK_TYP_NAME, FK_ATB_NAME, TEXT)
	VALUES ('CUBE_GEN_DOCUMENTATION', 'CUBE_GEN_DOCUMENTATION', 'NAME', 'The name of the document.');

INSERT INTO v_attribute (CUBE_SEQUENCE, FK_BOT_NAME, FK_TYP_NAME, NAME, PRIMARY_KEY, CODE_DISPLAY_KEY, CODE_FOREIGN_KEY, FLAG_HIDDEN, DEFAULT_VALUE, UNCHANGEABLE, XK_ITP_NAME)
	VALUES (2, 'CUBE_GEN_DOCUMENTATION', 'CUBE_GEN_DOCUMENTATION', 'DESCRIPTION', 'N', 'N', 'N', 'N', '', 'N', 'DESCRIPTION');

INSERT INTO v_attribute (CUBE_SEQUENCE, FK_BOT_NAME, FK_TYP_NAME, NAME, PRIMARY_KEY, CODE_DISPLAY_KEY, CODE_FOREIGN_KEY, FLAG_HIDDEN, DEFAULT_VALUE, UNCHANGEABLE, XK_ITP_NAME)
	VALUES (3, 'CUBE_GEN_DOCUMENTATION', 'CUBE_GEN_DOCUMENTATION', 'DESCRIPTION_FUNCTIONS', 'N', 'N', 'N', 'N', '', 'N', 'DESCRIPTION');

INSERT INTO v_description_attribute (FK_BOT_NAME, FK_TYP_NAME, FK_ATB_NAME, TEXT)
	VALUES ('CUBE_GEN_DOCUMENTATION', 'CUBE_GEN_DOCUMENTATION', 'DESCRIPTION_FUNCTIONS', 'Description for Template Function chapter.');

INSERT INTO v_attribute (CUBE_SEQUENCE, FK_BOT_NAME, FK_TYP_NAME, NAME, PRIMARY_KEY, CODE_DISPLAY_KEY, CODE_FOREIGN_KEY, FLAG_HIDDEN, DEFAULT_VALUE, UNCHANGEABLE, XK_ITP_NAME)
	VALUES (4, 'CUBE_GEN_DOCUMENTATION', 'CUBE_GEN_DOCUMENTATION', 'DESCRIPTION_LOGICAL_EXPRESSION', 'N', 'N', 'N', 'N', '', 'N', 'DESCRIPTION');

INSERT INTO v_description_attribute (FK_BOT_NAME, FK_TYP_NAME, FK_ATB_NAME, TEXT)
	VALUES ('CUBE_GEN_DOCUMENTATION', 'CUBE_GEN_DOCUMENTATION', 'DESCRIPTION_LOGICAL_EXPRESSION', 'Description for Template Logical Functions chapter.');

INSERT INTO v_description_type (FK_BOT_NAME, FK_TYP_NAME, TEXT)
	VALUES ('CUBE_GEN_DOCUMENTATION', 'CUBE_GEN_DOCUMENTATION', 'A document to give an explanation of CubeGen based on examples.');

INSERT INTO v_type (CUBE_SEQUENCE, FK_BOT_NAME, FK_TYP_NAME, NAME, CODE, FLAG_PARTIAL_KEY, FLAG_RECURSIVE, RECURSIVE_CARDINALITY, CARDINALITY, SORT_ORDER, ICON, TRANSFERABLE)
	VALUES (1, 'CUBE_GEN_DOCUMENTATION', 'CUBE_GEN_DOCUMENTATION', 'CUBE_GEN_PARAGRAPH', 'CGP', 'Y', 'N', 'N', 'N', 'P', 'DESC', 'Y');

INSERT INTO v_attribute (CUBE_SEQUENCE, FK_BOT_NAME, FK_TYP_NAME, NAME, PRIMARY_KEY, CODE_DISPLAY_KEY, CODE_FOREIGN_KEY, FLAG_HIDDEN, DEFAULT_VALUE, UNCHANGEABLE, XK_ITP_NAME)
	VALUES (1, 'CUBE_GEN_DOCUMENTATION', 'CUBE_GEN_PARAGRAPH', 'ID', 'Y', 'N', 'N', 'N', '', 'N', 'CODE');

INSERT INTO v_description_attribute (FK_BOT_NAME, FK_TYP_NAME, FK_ATB_NAME, TEXT)
	VALUES ('CUBE_GEN_DOCUMENTATION', 'CUBE_GEN_PARAGRAPH', 'ID', 'Technical identifier.');

INSERT INTO v_attribute (CUBE_SEQUENCE, FK_BOT_NAME, FK_TYP_NAME, NAME, PRIMARY_KEY, CODE_DISPLAY_KEY, CODE_FOREIGN_KEY, FLAG_HIDDEN, DEFAULT_VALUE, UNCHANGEABLE, XK_ITP_NAME)
	VALUES (2, 'CUBE_GEN_DOCUMENTATION', 'CUBE_GEN_PARAGRAPH', 'HEADER', 'N', 'Y', 'N', 'N', '', 'N', 'HEADER');

INSERT INTO v_description_attribute (FK_BOT_NAME, FK_TYP_NAME, FK_ATB_NAME, TEXT)
	VALUES ('CUBE_GEN_DOCUMENTATION', 'CUBE_GEN_PARAGRAPH', 'HEADER', 'Text used as header and used in the index.');

INSERT INTO v_attribute (CUBE_SEQUENCE, FK_BOT_NAME, FK_TYP_NAME, NAME, PRIMARY_KEY, CODE_DISPLAY_KEY, CODE_FOREIGN_KEY, FLAG_HIDDEN, DEFAULT_VALUE, UNCHANGEABLE, XK_ITP_NAME)
	VALUES (3, 'CUBE_GEN_DOCUMENTATION', 'CUBE_GEN_PARAGRAPH', 'DESCRIPTION', 'N', 'N', 'N', 'N', '', 'N', 'DESCRIPTION');

INSERT INTO v_attribute (CUBE_SEQUENCE, FK_BOT_NAME, FK_TYP_NAME, NAME, PRIMARY_KEY, CODE_DISPLAY_KEY, CODE_FOREIGN_KEY, FLAG_HIDDEN, DEFAULT_VALUE, UNCHANGEABLE, XK_ITP_NAME)
	VALUES (4, 'CUBE_GEN_DOCUMENTATION', 'CUBE_GEN_PARAGRAPH', 'EXAMPLE', 'N', 'N', 'N', 'N', '#', 'N', 'CODING');

INSERT INTO v_description_attribute (FK_BOT_NAME, FK_TYP_NAME, FK_ATB_NAME, TEXT)
	VALUES ('CUBE_GEN_DOCUMENTATION', 'CUBE_GEN_PARAGRAPH', 'EXAMPLE', 'An example to explain the paragraph. No example is indicated by a ''#''.');

INSERT INTO v_type (CUBE_SEQUENCE, FK_BOT_NAME, FK_TYP_NAME, NAME, CODE, FLAG_PARTIAL_KEY, FLAG_RECURSIVE, RECURSIVE_CARDINALITY, CARDINALITY, SORT_ORDER, ICON, TRANSFERABLE)
	VALUES (2, 'CUBE_GEN_DOCUMENTATION', 'CUBE_GEN_DOCUMENTATION', 'CUBE_GEN_EXAMPLE_MODEL', 'CGM', 'Y', 'N', 'N', 'N', 'P', 'MODEL', 'Y');

INSERT INTO v_attribute (CUBE_SEQUENCE, FK_BOT_NAME, FK_TYP_NAME, NAME, PRIMARY_KEY, CODE_DISPLAY_KEY, CODE_FOREIGN_KEY, FLAG_HIDDEN, DEFAULT_VALUE, UNCHANGEABLE, XK_ITP_NAME)
	VALUES (1, 'CUBE_GEN_DOCUMENTATION', 'CUBE_GEN_EXAMPLE_MODEL', 'ID', 'Y', 'N', 'N', 'N', '', 'N', 'CODE');

INSERT INTO v_description_attribute (FK_BOT_NAME, FK_TYP_NAME, FK_ATB_NAME, TEXT)
	VALUES ('CUBE_GEN_DOCUMENTATION', 'CUBE_GEN_EXAMPLE_MODEL', 'ID', 'Technical identifier.');

INSERT INTO v_attribute (CUBE_SEQUENCE, FK_BOT_NAME, FK_TYP_NAME, NAME, PRIMARY_KEY, CODE_DISPLAY_KEY, CODE_FOREIGN_KEY, FLAG_HIDDEN, DEFAULT_VALUE, UNCHANGEABLE, XK_ITP_NAME)
	VALUES (2, 'CUBE_GEN_DOCUMENTATION', 'CUBE_GEN_EXAMPLE_MODEL', 'HEADER', 'N', 'Y', 'N', 'N', '', 'N', 'HEADER');

INSERT INTO v_description_attribute (FK_BOT_NAME, FK_TYP_NAME, FK_ATB_NAME, TEXT)
	VALUES ('CUBE_GEN_DOCUMENTATION', 'CUBE_GEN_EXAMPLE_MODEL', 'HEADER', 'Text used as header and used in the index.');

INSERT INTO v_attribute (CUBE_SEQUENCE, FK_BOT_NAME, FK_TYP_NAME, NAME, PRIMARY_KEY, CODE_DISPLAY_KEY, CODE_FOREIGN_KEY, FLAG_HIDDEN, DEFAULT_VALUE, UNCHANGEABLE, XK_ITP_NAME)
	VALUES (3, 'CUBE_GEN_DOCUMENTATION', 'CUBE_GEN_EXAMPLE_MODEL', 'INCLUDED_OBJECT_NAMES', 'N', 'N', 'N', 'N', '', 'N', 'OBJECT_LIST');

INSERT INTO v_description_attribute (FK_BOT_NAME, FK_TYP_NAME, FK_ATB_NAME, TEXT)
	VALUES ('CUBE_GEN_DOCUMENTATION', 'CUBE_GEN_EXAMPLE_MODEL', 'INCLUDED_OBJECT_NAMES', 'The names of types that are included in the view of the business object model.');

INSERT INTO v_attribute (CUBE_SEQUENCE, FK_BOT_NAME, FK_TYP_NAME, NAME, PRIMARY_KEY, CODE_DISPLAY_KEY, CODE_FOREIGN_KEY, FLAG_HIDDEN, DEFAULT_VALUE, UNCHANGEABLE, XK_ITP_NAME)
	VALUES (4, 'CUBE_GEN_DOCUMENTATION', 'CUBE_GEN_EXAMPLE_MODEL', 'DESCRIPTION', 'N', 'N', 'N', 'N', '', 'N', 'DESCRIPTION');

INSERT INTO v_description_type (FK_BOT_NAME, FK_TYP_NAME, TEXT)
	VALUES ('CUBE_GEN_DOCUMENTATION', 'CUBE_GEN_EXAMPLE_MODEL', 'A view on the business object model with examples of functions based on the business object model.');

INSERT INTO v_type (CUBE_SEQUENCE, FK_BOT_NAME, FK_TYP_NAME, NAME, CODE, FLAG_PARTIAL_KEY, FLAG_RECURSIVE, RECURSIVE_CARDINALITY, CARDINALITY, SORT_ORDER, ICON, TRANSFERABLE)
	VALUES (1, 'CUBE_GEN_DOCUMENTATION', 'CUBE_GEN_EXAMPLE_MODEL', 'CUBE_GEN_EXAMPLE_OBJECT', 'CGO', 'Y', 'N', 'N', 'N', 'P', 'BOTYPE', 'Y');

INSERT INTO v_reference (CUBE_SEQUENCE, FK_BOT_NAME, FK_TYP_NAME, NAME, PRIMARY_KEY, CODE_DISPLAY_KEY, SEQUENCE, SCOPE, UNCHANGEABLE, WITHIN_SCOPE_LEVEL, XK_TYP_NAME, XK_TYP_NAME_1)
	VALUES (1, 'CUBE_GEN_DOCUMENTATION', 'CUBE_GEN_EXAMPLE_OBJECT', 'USES_AS_EXAMPLE', 'Y', 'Y', 0, 'ALL', 'N', 0, 'BUSINESS_OBJECT_TYPE', '');

INSERT INTO v_description_type (FK_BOT_NAME, FK_TYP_NAME, TEXT)
	VALUES ('CUBE_GEN_DOCUMENTATION', 'CUBE_GEN_EXAMPLE_OBJECT', 'A reference to a business object that is used in the examples.');

INSERT INTO v_type (CUBE_SEQUENCE, FK_BOT_NAME, FK_TYP_NAME, NAME, CODE, FLAG_PARTIAL_KEY, FLAG_RECURSIVE, RECURSIVE_CARDINALITY, CARDINALITY, SORT_ORDER, ICON, TRANSFERABLE)
	VALUES (2, 'CUBE_GEN_DOCUMENTATION', 'CUBE_GEN_EXAMPLE_MODEL', 'CUBE_GEN_FUNCTION', 'CGF', 'N', 'N', 'N', 'N', 'P', 'TEMPLATE', 'Y');

INSERT INTO v_attribute (CUBE_SEQUENCE, FK_BOT_NAME, FK_TYP_NAME, NAME, PRIMARY_KEY, CODE_DISPLAY_KEY, CODE_FOREIGN_KEY, FLAG_HIDDEN, DEFAULT_VALUE, UNCHANGEABLE, XK_ITP_NAME)
	VALUES (1, 'CUBE_GEN_DOCUMENTATION', 'CUBE_GEN_FUNCTION', 'ID', 'Y', 'N', 'N', 'N', '', 'N', 'CODE');

INSERT INTO v_description_attribute (FK_BOT_NAME, FK_TYP_NAME, FK_ATB_NAME, TEXT)
	VALUES ('CUBE_GEN_DOCUMENTATION', 'CUBE_GEN_FUNCTION', 'ID', 'Technical identifier.');

INSERT INTO v_attribute (CUBE_SEQUENCE, FK_BOT_NAME, FK_TYP_NAME, NAME, PRIMARY_KEY, CODE_DISPLAY_KEY, CODE_FOREIGN_KEY, FLAG_HIDDEN, DEFAULT_VALUE, UNCHANGEABLE, XK_ITP_NAME)
	VALUES (2, 'CUBE_GEN_DOCUMENTATION', 'CUBE_GEN_FUNCTION', 'HEADER', 'N', 'Y', 'N', 'N', '', 'N', 'HEADER');

INSERT INTO v_description_attribute (FK_BOT_NAME, FK_TYP_NAME, FK_ATB_NAME, TEXT)
	VALUES ('CUBE_GEN_DOCUMENTATION', 'CUBE_GEN_FUNCTION', 'HEADER', 'Text used as header and used in the index.');

INSERT INTO v_attribute (CUBE_SEQUENCE, FK_BOT_NAME, FK_TYP_NAME, NAME, PRIMARY_KEY, CODE_DISPLAY_KEY, CODE_FOREIGN_KEY, FLAG_HIDDEN, DEFAULT_VALUE, UNCHANGEABLE, XK_ITP_NAME)
	VALUES (3, 'CUBE_GEN_DOCUMENTATION', 'CUBE_GEN_FUNCTION', 'DESCRIPTION', 'N', 'N', 'N', 'N', '', 'N', 'DESCRIPTION');

INSERT INTO v_attribute (CUBE_SEQUENCE, FK_BOT_NAME, FK_TYP_NAME, NAME, PRIMARY_KEY, CODE_DISPLAY_KEY, CODE_FOREIGN_KEY, FLAG_HIDDEN, DEFAULT_VALUE, UNCHANGEABLE, XK_ITP_NAME)
	VALUES (4, 'CUBE_GEN_DOCUMENTATION', 'CUBE_GEN_FUNCTION', 'TEMPLATE', 'N', 'N', 'N', 'N', '', 'N', 'CODING');

INSERT INTO v_description_attribute (FK_BOT_NAME, FK_TYP_NAME, FK_ATB_NAME, TEXT)
	VALUES ('CUBE_GEN_DOCUMENTATION', 'CUBE_GEN_FUNCTION', 'TEMPLATE', 'CubeGen template used as example.');

INSERT INTO v_description_type (FK_BOT_NAME, FK_TYP_NAME, TEXT)
	VALUES ('CUBE_GEN_DOCUMENTATION', 'CUBE_GEN_FUNCTION', 'A CubeGen function that has been explained with a template.');

INSERT INTO v_type (CUBE_SEQUENCE, FK_BOT_NAME, FK_TYP_NAME, NAME, CODE, FLAG_PARTIAL_KEY, FLAG_RECURSIVE, RECURSIVE_CARDINALITY, CARDINALITY, SORT_ORDER, ICON, TRANSFERABLE)
	VALUES (3, 'CUBE_GEN_DOCUMENTATION', 'CUBE_GEN_DOCUMENTATION', 'CUBE_GEN_TEMPLATE_FUNCTION', 'CTF', 'Y', 'N', 'N', 'N', 'K', 'FUNCTION', 'Y');

INSERT INTO v_attribute (CUBE_SEQUENCE, FK_BOT_NAME, FK_TYP_NAME, NAME, PRIMARY_KEY, CODE_DISPLAY_KEY, CODE_FOREIGN_KEY, FLAG_HIDDEN, DEFAULT_VALUE, UNCHANGEABLE, XK_ITP_NAME)
	VALUES (1, 'CUBE_GEN_DOCUMENTATION', 'CUBE_GEN_TEMPLATE_FUNCTION', 'NAME', 'Y', 'Y', 'N', 'N', '', 'N', 'NAME');

INSERT INTO v_attribute (CUBE_SEQUENCE, FK_BOT_NAME, FK_TYP_NAME, NAME, PRIMARY_KEY, CODE_DISPLAY_KEY, CODE_FOREIGN_KEY, FLAG_HIDDEN, DEFAULT_VALUE, UNCHANGEABLE, XK_ITP_NAME)
	VALUES (2, 'CUBE_GEN_DOCUMENTATION', 'CUBE_GEN_TEMPLATE_FUNCTION', 'INDICATION_LOGICAL', 'Y', 'Y', 'N', 'N', '', 'N', 'FLAG');

INSERT INTO v_description_attribute (FK_BOT_NAME, FK_TYP_NAME, FK_ATB_NAME, TEXT)
	VALUES ('CUBE_GEN_DOCUMENTATION', 'CUBE_GEN_TEMPLATE_FUNCTION', 'INDICATION_LOGICAL', 'Indication that the function is a locical expression used in a condition.');

INSERT INTO v_attribute (CUBE_SEQUENCE, FK_BOT_NAME, FK_TYP_NAME, NAME, PRIMARY_KEY, CODE_DISPLAY_KEY, CODE_FOREIGN_KEY, FLAG_HIDDEN, DEFAULT_VALUE, UNCHANGEABLE, XK_ITP_NAME)
	VALUES (3, 'CUBE_GEN_DOCUMENTATION', 'CUBE_GEN_TEMPLATE_FUNCTION', 'DESCRIPTION', 'N', 'N', 'N', 'N', '', 'N', 'DESCRIPTION');

INSERT INTO v_attribute (CUBE_SEQUENCE, FK_BOT_NAME, FK_TYP_NAME, NAME, PRIMARY_KEY, CODE_DISPLAY_KEY, CODE_FOREIGN_KEY, FLAG_HIDDEN, DEFAULT_VALUE, UNCHANGEABLE, XK_ITP_NAME)
	VALUES (4, 'CUBE_GEN_DOCUMENTATION', 'CUBE_GEN_TEMPLATE_FUNCTION', 'SYNTAX', 'N', 'N', 'N', 'N', '', 'N', 'CODING');

--
-- Insert SYSTEM business object types
--
INSERT INTO v_system (NAME, DATABASE, SCHEMA, PASSWORD)
	VALUES ('CubeDocu', 'composys', 'cubedocu', 'composys');

INSERT INTO v_system_bo_type (CUBE_SEQUENCE, FK_SYS_NAME, XK_BOT_NAME)
	VALUES (1, 'CubeDocu', 'INFORMATION_TYPE');

INSERT INTO v_system_bo_type (CUBE_SEQUENCE, FK_SYS_NAME, XK_BOT_NAME)
	VALUES (2, 'CubeDocu', 'BUSINESS_OBJECT_TYPE');

INSERT INTO v_system_bo_type (CUBE_SEQUENCE, FK_SYS_NAME, XK_BOT_NAME)
	VALUES (3, 'CubeDocu', 'CUBE_GEN_DOCUMENTATION');

INSERT INTO v_system_bo_type (CUBE_SEQUENCE, FK_SYS_NAME, XK_BOT_NAME)
	VALUES (4, 'CubeDocu', 'SYSTEM');

INSERT INTO v_system (NAME, DATABASE, SCHEMA, PASSWORD)
	VALUES ('CubeRoot', 'composys', 'cuberoot', 'composys');

INSERT INTO v_system_bo_type (CUBE_SEQUENCE, FK_SYS_NAME, XK_BOT_NAME)
	VALUES (1, 'CubeRoot', 'INFORMATION_TYPE');

INSERT INTO v_system_bo_type (CUBE_SEQUENCE, FK_SYS_NAME, XK_BOT_NAME)
	VALUES (2, 'CubeRoot', 'BUSINESS_OBJECT_TYPE');

INSERT INTO v_system_bo_type (CUBE_SEQUENCE, FK_SYS_NAME, XK_BOT_NAME)
	VALUES (3, 'CubeRoot', 'SYSTEM');

INSERT INTO v_system (NAME, DATABASE, SCHEMA, PASSWORD)
	VALUES ('CubeSys', '', '', '');

INSERT INTO v_system_bo_type (CUBE_SEQUENCE, FK_SYS_NAME, XK_BOT_NAME)
	VALUES (1, 'CubeSys', 'DESCRIPTION');

INSERT INTO v_system (NAME, DATABASE, SCHEMA, PASSWORD)
	VALUES ('CubeTool', 'composys', 'cubetool', 'composys');

INSERT INTO v_system_bo_type (CUBE_SEQUENCE, FK_SYS_NAME, XK_BOT_NAME)
	VALUES (1, 'CubeTool', 'INFORMATION_TYPE');

INSERT INTO v_system_bo_type (CUBE_SEQUENCE, FK_SYS_NAME, XK_BOT_NAME)
	VALUES (2, 'CubeTool', 'BUSINESS_OBJECT_TYPE');

INSERT INTO v_system_bo_type (CUBE_SEQUENCE, FK_SYS_NAME, XK_BOT_NAME)
	VALUES (3, 'CubeTool', 'SYSTEM');

INSERT INTO v_system_bo_type (CUBE_SEQUENCE, FK_SYS_NAME, XK_BOT_NAME)
	VALUES (4, 'CubeTool', 'FUNCTION');

EXIT;
